,comment
0,"பச்சை நிற சட்டையை போட்டு விட்டு , நீல சட்டை என்று ஏமாற்றும் மாறன் ஐயா சார்ப்பில் படம் வெற்றி பெற வாழ்துக்கள் .."
1,கருத்து கேட்டு கேட்டு கறுத்துப்போன ரசிகர்கள் சார்பாக படம் வெற்றி பெற வாழ்த்துக்கள்..️
2,படம்  பார்த்து விட்டு கதறி அழுத ரசிகர்கள் சார்பாக  படம் வெற்றி பெற வாழ்த்துக்கள்
3,ஆன்டி இந்தியன் படம் பார்க்காத அண்ணனின் விழுதுகள் சார்பாக படம் வெற்றி பெற வாழ்த்துக்கள்
4,படம் பார்த்துவிட்டு வந்து இவன் எப்படி சொல்ரான்னு பாக்க வந்து இருக்கும் ரசிகர் சார்பாக படம் வெற்றி பெற வாழ்த்துககள்
5,இவங்க படத்தில கருத்துச்  சொல்லியே கருத்துவிட்டேன் என்று நீங்கள் சொன்ன வசனம் சூப்பர் அண்ணா . நன்றி வணக்கம்
6,வாத்திக்கே பாடம் எடுக்கும் ப்ளூ சட்டை ரசிகர்கள் சார்பாக வாழ்த்துக்கள்...
7,கோபி - சுதாகர் ரசிகர்கள் சார்பாக படம் வெற்றி பெற வாழ்த்துக்கள் 
8,.. இவரு சொல்றத நம்ப வந்த ரசிகர் சார்பாக படம் வெற்றி பெற வாழ்த்துக்கள் 
9,தல ரசிகர்கள் சார்பாக வெற்றி பெற வாழ்த்துக்கள்
10,ப்ளூ சட்டை ரிவியூ பன்னும் அளவிற்கு தகுதியான படத்தை மோகன் ஜீ அண்ணன் எடுக்கவேண்டும் என்று கோரிக்கை வைப்போர் சார்பாக வெற்றி பெற வாழ்த்துக்கள் 
11,வெயில் ரசிகர் சார்பாக படம் வெற்றி பெற வாழ்த்துக்கள் ️️️
12,டிரைவர்கள் கண்ணசராமல் இருக்க பாட்டு கேட்கும் ரசிகன் சார்பாக வாழ்த்துக்கள் 
13,கைலிக்குள் கைவிட்டு ஆட்டும் ரசிகர்கள் சார்பாக வாழ்த்துக்கள்
14,இன்றுவரை வாரிசு மற்றும் துணிவு படம் பார்க்காத மக்கள் சார்பாக படம் வெற்றி பெற வாழ்த்துகள்.
15,ரீரிலிஸ் செய்யப்பட்ட விண்ணைத் தாண்டி வருவாயா படத்தின் ரசிகர்கள் சார்பாக படம் வெற்றி பெற வாழ்த்துக்கள்....
16,தமிழ் சி்னிமாவ அசைக்க முடியாதுன்னு  நினைக்கும் ரசிகர்கள் சார்பாக படம் வெற்றி பெர வாழ்த்துக்கள்
17,ஜோதிகாவின் ராட்சசி பாகம் இரண்டு வாத்தி திரைப்படம் வெற்றி பெற வாழ்த்துக்கள் 
18,கமெண்ட் ல வெற்றி பெற வாழ்த்துக்கள் னு சொல்லியே  உயிர வாங்கும் ரசிகர்கள் சார்பாக வெற்றி பெற வாழ்த்துக்கள்
19,பல் விளக்கமால் வீடியோ பார்ப்பவர்கள் சங்கம் சார்பாக படம் வெற்றி பெற வாழ்த்துகள்
20,கருத்து கேட்டு கருத்து போன புளு சட்டை ரசிகர்கள சார்பாக படம் வெற்றியடைய வாழ்த்துகள்
21,சச்சின் டெண்டுல்கரின் வருங்கால மாப்பிள்ளை கில் சார்பாக படம் வெற்றிபெற வாழ்த்துக்கள்
22,"சுய இன்பத்தை முடித்துவிட்டு இந்த வீடியோ பார்க்கும் ரசிகர்கள் சார்பாக வீடியோ வெற்றி பெற வாழ்த்துக்கள்,...."
23,வாரிசு சீர்யல் ரசிகர்கள் சார்பாய் வாழ்த்துக்கள்.
24,சார்பாக என்று சொல்லி திரியும் ரசிகர்கள் சார்பாக வாத்தி வெற்றி பெற வாழ்த்துகள் 
25,டாய்லெட் ல உக்கார்ந்து ரிவியு பார்க்கும் ரசிகர்கள் சார்பாக படம் வெற்றி பெற வாழ்த்துக்கள்... 
26,அவர் போட்டிருக்கும் சட்டை பட்டன் சார்பாக படம் வெற்றி அடைய வாழ்த்துக்கள் 
27,கருத்து கேட்டு கருத்து போயிட்டேன்..ரசிகர்கள் சார்பாக படம் வெற்றியடைய வாழ்த்துக்கள் 
28,குளிச்சிட்டு வீடியோ பார்க்க வந்த ரசிகர்கள் சார்பாக படம் வெற்றி பெற வாழ்த்துக்கள்
29,காம கதை எழுதிய கருணாநிதியின் பேனா ரசிகர்கள் சார்பாக படம் வெற்றி பெற வாழ்த்துகள!
30,எதிர்பார்த்தது தான் 
31,பல வருடங்களாக ப்ளூ சட்டையை துவைக்காமல் போட்டிருக்கும்  மாறன் ரசிகர்கள் சார்பாக படம் வெற்றி பெற வாழ்த்துக்கள்...
32,போன்ல சார்ஜ் இல்லையே என்று கவலைபடும் இரசிகர்கள் சார்பில் படம் வெற்றிற வாழ்த்துக்கள்
33,"அடுத்த அடுத்த சாட்டை 
முடியல "
34,"4:14 டு 4:16 , இது பஞ்ச் டயலாக்கையெல்லாம் மிஞ்சும் மாஸ் டயலாக் !"
35,"கருத்து கேட்டு கருத்தாலும்
  பவுடர் போட்டு வந்து பாக்கும் ரசிகர்கள் சார்பாக வீடியோ வெற்றி பெற வாழ்த்துக்கள்"
36,இந்த முறையாவது மோகன் ஜி இயக்கிய படத்தை விமர்சனம் செய்வாரா என்று பார்க்க வந்த ரசிகர்கள் சார்பாக வாழ்த்துகள்.
37,ஹிந்தி சீரியல் வாரிசு ரசிகர்கள் சார்பாக வாத்தி வெற்றி பெற வாழ்த்துக்கள் 
38,ஜட்டி போடாம வீடியோ பார்க்கும் சங்கம் சார்பாக படம் வெற்றி பெற வாழ்த்துக்கள்
39,இவர் கதைக்க கதைக்க அப்படியே மூஞ்சிலயே ஒன்டு குடுக்கனும் போல இருக்குர ரசிகர்கள் சார்பாக படம் வெற்றி பெற வாழ்த்துக்கள்...
40,தூங்கிக்கொண்டே வீடியோ பார்க்கும் சங்கம் சார்பாக படம் வெற்றி பெற வாழ்த்துக்கள் .
41,காதலிக்க கைடு இல்ல சொல்லி தர வா வாத்தி ..சேத்து வச்ச ஆசை எல்லாம் அள்ளி தர வா வாத்தி ...என் உசுர உன் உசுரா தாரேன் கை மாத்தி ....️️
42,பாகாசூரனை ரிவியூ பன்ன பயப்படும் மாறன் ரசிகர்கள் சார்பாக வாழ்த்துகள்
43,"வாரிசு, பிரின்ஸ், தொடர்ந்து வாத்தி படமும் மிகப்பெரிய வெற்றியடைய வாழ்த்துக்கள் "
44,பஸ்ல சொந்த ஊர் செல்லும் வழியில் ரிவ்யூ பார்ப்பவர்கள் சார்பாக படம் வெற்றி பெற வாழ்த்துக்கள்
45,இறங்கி‌ செய்ய காத்து இருக்கும் கௌதம் மேனன் சார்பாக வாழ்த்துக்கள் 
46,"லேட்டஸ்ட் டிரெண்டிங்காக இருக்கும் வாக்கியம் "" ரசிகர்கள் சார்பாக படம் வெற்றி பெற வாழ்த்துக்கள் "" சார்பாக படம் வெற்றி பெற வாழ்த்துக்கள்...."
47,மிகவும் அருமை 
48,"ஓய்வு பெற்ற குஸ்தி வாத்தியார் ப்ளூ சட்டை மாறன் சார்பாக 
வாத்தி படம் வெற்றியடைய
வாழ்த்துக்கள்..."
49,விடியல் ஆட்சியில் மகிழ்ச்சியாக இருப்பவர்கள் சார்பாக படம் வெற்றிபெற வாழ்த்துக்கள்..
50,ஆசான்கள் கொண்டாடும் மாபெறும் வெற்றி
51,படம் நல்லா இருக்குது 
52,"""இவைங்க கருத்தக் கேட்டுக் கேட்டே , எப்பிடி கறுத்துப் போயிட்டேனுப் பாருங்க"" "
53,ஆன்டி இந்தியன் படம் சார்பாக படம் வெற்றி பெற வாழ்த்துக்கள்
54,150 செலவு பன்னி படம் பாக்குறவிட ஒரு கோட்டர் போட்டு தூங்கும் மனிதர்கள் சார்பாக படம் வெற்றி பெற வாழ்த்துகள்
55,சூத்தடி வாங்கிய வாரிசு ரசிகர்கள் வெற்றி பெற வாழ்த்துக்கள்
56,"விமர்சனம் தொடங்கி முடியும் 
வரை ஒருகையால் சொறிஞ்
சுகொண்டிருக்கும் நீலச்சட்டை
மாறன் ஜயா ஆசைப்படி படம்"
57," ""கருத்து கேட்டு கருப்பா போயிட்டேன்"" "
58,இன்னமும் வாரிசு பார்க்காத இரசிகர்கள் சார்பாக படம் வெற்றி பெற வாழ்த்துக்கள் 
59,படம் பாத்துட்டு ரிவியு பார்க்க வந்த ரசிகர்கள் சார்பாக படம் வெற்றி பெற வாழ்த்துக்கள்
60,கைல காசு இல்ல சங்கம் சார்பாக படம்  வெற்றி பட  வாழ்த்துக்கள்
61,எப்படி படம் எடுத்தாலும் ஏதாவது குறை சொல்லும் ப்ளூ சட்டை மாறன் சார்பாக படம் வெற்றியடைய வாழ்த்துகள்
62,கருத்த கேட்டு கேட்டு கறுத்து போனவர்கள்  சார்பாக படம் வெற்றி பெற வாழ்த்துக்கள்
63,படம்  பார்த்து விட்டு கதறி அழுத ரசிகர்கள் சார்பாக  படம் வெற்றி பெற வாழ்த்துக்கள்
64,வாரிசு மற்றும் பிரின்ஸ் ரசிகர்கள் சார்பாக வாழ்த்துக்கள்
65,கருத்து கேட்டு கேட்டு கறுத்து போன ரசிகர்கள் சார்பாக வாழ்த்துக்கள்
66,ஆய் இருந்துகிட்டு கழுவவா துடைக்கவா நு குழம்பி போய் ரிவியூ பார்ப்பவர்கள் சார்பில் படம் வெற்றி பெற வாழ்த்துக்கள் 
67,பல்லு வெளக்கம வந்து ரெவிவ் பண்ணும் மாறன் சார்பாக படம் வெற்றிபெற வாழ்த்துக்கள் 
68,ரிவுயு பார்த்து காரி துப்பும் சார்பாக படம் வெற்றி பெற வாழ்த்துக்கள்
69,தலைவர் எப்படி சொன்னாலும் நல்லாத்தான் இருக்கு...
70,குளிக்க மா திரைவிமர்சனம் சொல்லும் மாறன் போல் குளிக்க மா  பார்க்கம் ரசிகர்கள் சார்பாக வாழ்த்துகள்
71,வாரிசு படம் படு மொக்கை என நினைத்து தேம்பி தேம்பி அழும் ரசிகர் சார்பாக படம் வெற்றி பெற வாழ்த்துககள்
72,ஈரோடு கிழக்கு தொகுதியில் போட்டியிட்டு நாம் தமிழர் கட்சி  சார்பாக படம் வெற்றியடைய வாழ்த்துகள்
73,டளபதி மீண்டும் மீண்டும் தாக்கப்பட்டார் 
74,புளூ சட்டை மாறன் ரசிகர் மன்றம் சார்பாக நல்வாழ்த்துக்கள்
75,எப்பொழுது சார் பகாசுரன் பட விமர்சனத்தை வீடியோ போடுவீங்க...காத்துட்டு இருக்கேன் பாஸ்
76,"ஓரளவுக்கு நல்லா இருக்குற வாத்திக்கே இந்த நிலமைனா....
பாகா சூரன் உயிரோட இருபன்ற.."
77,சிங்கப்பூர் வேலை செய்வோர் சார்பாக படம் வெற்றி பெற வாழ்த்துகள் ️
78,பாலிமர் பாரிதாபங்கள் கேட்டு அலுத்து போன ரசிகர்கள் சார்பாக படம் வெற்றி பெற வாழ்த்துக்கள்
79,பள்ளிக்கூடத்திற்கு பிட்டு பட கேசட் கொண்டு வந்தவர்கள் சார்பாக வாழ்த்துகள்
80,இன்னும் பாக்ஸ் ஆபீஸ் கலக்சன் சொல்லாமல் இருக்கும் துணிவு படம் சார்பாக வீடியோ வெற்றி பெற வாழ்த்துக்கள் ‌
81,டிக்கெட் வாங்க காசு இல்லாமல் ரிவ்யூ பார்க்கும் சங்கம் சார்பாக படம் வெற்றி பெற வாழ்த்துக்கள்
82,ப்ளூ சட்டை மாரணை வெளுத்து வாங்கும்............. ரசிகர் சார்பாக படம் வெற்றி பெற வாழ்த்துகள் ..
83,பல்லு வெலக்காம ரிவியூ பாக்கும் ரசிகர்கள் சார்பா படம் வெற்றி பெற வாழ்த்துக்கள்
84,கருத்து கந்தசாமி சார்பாக படம் வெற்றியடைய வாழ்த்துகள்
85,கருத்து கேட்டு கருத்து போனவர்களின் சார்பாக படம் வெற்றி பெற வாழ்த்துக்கள் 
86,இன்னும் வாரிசு துணிவு படம் பார்காத ரசிகர்களின் சார்பாக படம் வெற்றி பெற வாழ்த்துக்கள்
87,இயற்கை விவசாயி சார்பாக வாழ்த்துகள்
88,விமர்சகர்களின் வாத்தி ப்ளூ சட்டை ரசிகர்கள் சார்பாக வாத்தி படம் வெற்றியடைய வாழ்த்துகள்.
89,திரைக்கதை சுவாரஸ்யமாக இருந்தால் மட்டுமே படம் வெற்றி பெறும்
90,வாரிசு பொங்கல் துணிவு பொங்கல் என முட்டுக்கொடுத்து கூவி விற்றோர் ரசிகர்கள் சார்பாக வெற்றி பெற வாழ்த்துக்கள் 
91,பாகாசுரன் ரிவ்யூ பார்க்க வந்து ஏமாந்த ரசிகர்கள் சார்பாக படம் வெற்றி பெற வாழ்த்துக்கள்
92,வாரிசு துணிவு தியேட்டரில் பாக்காம ஓடிடியில் பார்த்த ரசிகர்கள் சார்பாக படம் வெற்றி பெற வாழ்த்துக்கள்
93,மரணமாஸ் மசாலா படம் பாஸ் 
94,"நல்ல வசன கர்தாவா வர வேண்டிய ப்ளூ சட்டை மாறன்...


சினிமா ல கூட, இந்த மாதிரி ரசிக்கும் படியானா வசனங்கள் வருவதில்லை...."
95,தனி ஒருவன் & ராட்சசன் மாரி ஒரு படம் வெனும்...
96,புளூ சட்ட தான் வாரறு ரீவ்வியு சொல்ல போறாறு அவ்வளவுதான் இந்த படத்தோட முடிவு...
97,2:48 என் மனசுல உள்ள பாறமே குறைஞ்சு பேச்சு 
98,பகாசூரன்
99,ப்ளூ சட்டை போடும் ரசிகர்கள் சார்பாக கழுத்தை வளைத்து பார்க்கும் துணி துவைக்கும் துணிவான வாழ்த்துக்கள் 
100,என் எதிர் வீட்டு ஆயா சுட்ட தீபாவளி அப்பம் சார்பாக.. இந்த படம் ஓட வாழ்த்துக்கள் 
101,தமிழ் நடிகர் + தெலுங்கு டைரக்டர் காம்போல வந்த முதல் ஹிட் 
102,பல்லு வெளக்காமல் ரிவ்யூ சொல்லும் புளு சட்டை சார்பாக வீடியோ வெற்றி பெற வாழ்த்துக்கள் 
103,நேத்தே டவுன்லோட் பண்ணிட்டு  பாக்காம ப்ளூ சட்ட ரிவ்யூ தேடி பாத்தா  காணோம்.. 
104,மோகன் ஜீ படத்தை ஒரு படமாவே தல மதிக்கிறது இல்ல அதனால தான் ரிவ்யூ போட மாட்டாரு
105,"கருத்து கேட்டு கேட்டு ப்ளுகலர் சட்டை, பச்சகலர் சட்டையாக வெளுத்து போச்சுமாறனுக்கு"
106,கதைய கேட்டுட்டு படம் பாக்காம இருப்பவங்க சார்பாக படம் வெற்றி பெற வாழ்த்துக்கள் 
107,படம் சூப்பர் யா
108,இவுங்க கருத்த கேட்டு கேட்டு கருத்து போயிட்டேன் பாருங்க 
109,புளு சட்ட தலைவா சூப்பர் எப்பவும் 
110,கருத்து கேட்டே கருத்துப்போயிட்டேன் 
111,இவங்க கருத்தைக் கேட்டு கேட்டு எப்படி கருத்து போய்ட்டாரு பாருங்க சூப்பர் ️
112,மோகன் ஜி படங்களை மட்டும் விமர்சனங்கள் செய்யாத மாறன் சார்பாக படம் வெற்றி பெற வாழ்த்துக்கள்
113,கதை பழசா இருந்தாலும் படம் வேறலெவலா தரமா இருக்கு.....
114,படம் நல்லா இருக்கு....
115,இறங்கி செய்ய காத்துக் கொண்டு இருக்கும் வாய்ஸ் ஓவர் மேனன் மாமா சார்பாக படம் வெற்றி பெற வாழ்த்துக்கள்
116,5000 கோடி அடிக்க வந்து பேங்க் ஊழியர்களிடம் செம்ம அடி வாங்கிய ஆமைகள் சார்பாக படம் வெற்றி பெற வாழ்த்துக்கள் 
117,முதல் 45 செகண்ட் ஸ்கிப் பண்ணி ரிவ்யூ பார்க்கும் சங்கம்
118,ஆற்றில் குளிக்கும் போது குசு போடுபவர்கள் சார்பாக படம் வெற்றியடைய வாழ்த்துக்கள்
119,"வாத்தி படத்த 4:30 மணிக்கு ரிவ்யூ போட்டு உயிரெடுக்கும் ""மெண்டல் சட்டை""சார்பாக படம் வெற்றி பெற வாழ்த்துக்கள் "
120,இவிங்க கருத்த கேட்டு கேட்டு எப்புடி கறுத்து போயிட்டேன் பாரு செம நக்கல்
121,ஒருக்களிச்சு படுத்துகிட்டு பார்க்கிறவங்க சார்பா வாழ்த்துக்கள்
122,வேலுப்பிள்ளை பிரபாகரன் உயிருடன்  இருக்கிற.அவர் ஜட்டி போட்டுட்டு வந்தார்னா சிங்களவன்லாம் காலிடா......
123,படம் அருமை
124,"""வாந்தி ""ன்னு இந்த படத்துக்கு பெயர் வைத்திருக்கலாம்"
125,படம் பார்த்துட்டு வந்து என்ன என்னால்லாம் சொல்ரான்னு பார்க்க வந்தேன்
126,"கனி ஹீரோ வா இருந்தா சாட்டை... 
வில்லனா இருந்தா வாத்தி..."
127,வாரிசு படத்தை எய்யா ஞாபகப்படுத்துற ...!
128,விமல் நடிச்ச வாகை சூடவா படத்தை பார்த்த பின் இதை பார்க்கவும்..... 
129,பேச்சி வாக்குல வாரிச செஞ்ச பாத்தியா அங்க இருக்க தலைவா நீ...
130,என்னது வாரிசு இந்தி சீரியலா 
131,"ரம்மி சர்க்கிளில் ரூபாய் ""ஐந்து இலட்சம்"" வென்ற 'சுடலை கனி' சார்பாக படம் வெற்றி பெற வாழ்த்துக்கள் "
132,"பிரின்ஸ் வாரிசு….. வரிசையில் வாத்தி பரவாயில்லை.
புளு சட்டையை நம்பி ஏமாந்த மக்கள் சார்பாய் வாழ்த்துங்கள்."
133,பகாசுரன் ரிவ்யூ போடு தல
134,வா தல
135,கருத்து நல்ல இருக்கு
136,கருத்தை கேட்டு கருத்து போன ப்ளூ சட்டை 
137,வாரிசு 
138,கருத்து கேட்டு கேட்டு கருத்துப்போயிட்டேன் 
139,பகாசூரன் படம் எப்படி இருக்கு அண்ணா
140,படம் வெற்றி பெற  ‌ கருத்து சொல்லு ம்  மக்கள் சார்பாக வாழ்த்துக்கள்
141,"பச்ச சட்ட போட்டுனு இருக்குற இவர ஏன் ப்ளூ சட்ட னு சொல்றாங்க,  அதுக்கு இன்னும் கூட பதில் தெரியாம இருக்கும் ரசிகர்கள் சார்பாக படம் வெற்றி பெற வாழ்த்துக்கள்"
142,கருத்து போயிட்டியா கருவா மூஞ்சி வாயா
143,"இன்னுமா பகாசூரன் மூவி பாக்கல?? மோகன்ஜி யோட மேகிங், ஸ்கிரீன் பிளே லாம் ஏப்டி நு உங்க வாயால சொல்லுங்களேன்"
144,இவரோட உருட்டை பாத்துட்டு ஞாயிற்றுக்கிழமை படத்துக்கு போலாம்னு நினைக்கிறவங்க எத்தனை பேரு
145,கருத்தைக் கேட்டு கேட்டு கருத்துப் போன ஒரே ரிவியூ மன்னன்.  கிரீன் சட்டை போட்டுகிட்டு ப்ளூ சட்டை காரன் என புழுகும் மாறன்.
146,முப்பது செகண்ட் வீடியோஸ் ஸ்கிப் பண்ணிட்டு பார்க்கும் ரசிகர்கள் ஒரு லைக் போடுங்க
147,"என்னது!!, கருத்து கேட்டு கேட்டு கறுத்து போய்ட்டீங்களா?. அப்போ கருத்து கேட்கலைனா, செக்க செவேள்னு சிவப்பா  இருந்திருப்பீங்களோ."
148,எது....நீங்க கருத்து கேட்டு கறுத்துப்போய்டிங்கிளா....
149,மாறன் அண்ணா எங்க பகாசூரன் படத்தின் விமர்சனம் வரவில்லை.
150,கருத்து போயிடாரம் செடி புணா 
151,ஏப்பா ப்ளூ சட்டை படத்தின் ரிவியூக்கு முன்னாடி போட்டியே ஸ்மைல் ட்ரிப்ஸ் அப்புறம் கார்டன் இந்த ரெண்டு விளம்பரத்தையும் ரிவியூ 10'15லச்சத்தை முதலீடு செய்து ஸ்மைல் ட்ரிப்ஸ் நல்லா ஓடுதா கார்டன்ல செடி நல்லா வளருதானு செக் பண்ணி ரிவியூ பண்ணா நல்லா இருக்கும்
152,சரக்கு அடித்து கொண்டு டைம் பாஸ்கூ ரிவிவ் பார்க்கும் குடிமகன் சார்பாக பாடம் தோல்வி அடையக்கூடாதுனு
153,மஹா பிரபு நீங்கள் திரும்பவும் வந்து விட்டிங்கிளா 
154,நீங்கள் ஏன் மோகன்ஜி படத்துக்கு மட்டும் ரிவ்யூ பண்றதில்லை..?
155,இவரு ரிவ்யூ பாத்துட்டு எந்த படத்தையும் பாக்காம உங்க என்டர்டெயின்மென்ட் ல நீங்களே மண் அள்ளி போட்டு கொள்பவர்கள் சார்பாக இந்த யூ ட்யூப் சேனல் வெற்றி பெற வாழ்த்துக்கள்.
156,அருமை
157,ஹிந்தி சீரியல் 
158,அண்ணன் படம் வெற்றியா தம்பி படம் வெற்றியா யார் படம் வெற்றியா என்று விமானம் பார்க்க வந்தவர்கள் ஒரு லைக் போடுங்க
159,அந்த காலத்து வாத்திகளுக்கு சரஸ்வதி மட்டுமே இருந்தது. இந்த காலத்து வாத்திகளுக்கு சரஸ்வதி எங்க இருக்கு மகாலட்சுமி மட்டுமே இருக்கு மேலும் இந்த காலத்து வாத்திகள் அரசு பள்ளிகளை விட்டு தனியார் பள்ளிகளுக்கு போவார்களா என்பது முதல் கேள்வி.
160,தண்ணீர் கிடைக்காமல் ஆழ் கழிவுவாமள்  திரியும் நான்பர்கள்  சார்பாக பெற வாழ்த்துக்கள்
161,செம்ம
162,கருத்துடீயே தலைவா
163,நீல சட்ட மஞ்ச சட்டக்கு ஒரு ரிவ்யூ போடு மஞ்ச= மோகன்
164,4:16 எதுக்கு.. 
165,தரம்யா 
166,கருத்த சட்டை 
167,அடுத்தவர் குறையை சொல்கிறாவனுக்கு ஆயிரம் குறை அவனுக்கு இருப்பது தெரியாது
168,கருத்துக்கேட்டே கருத்துப்போயிட்டேங்க/புளு சட்ட 
169,இப்ப ஏன் யா வாரிச இழுக்குற? 
170,யோவ் வாரிச இன்னும் விட்டு வைக்கலயா
171,விஜய் தாக்கப்பட்டார்... 
172,உங்கள் கருத்து கேட்டு நாங்கள் வெறுத்து போய்ட்டோம்
173,இவன் தான் இவனுக்கு இத வேல 
174,மோகனின் ஆட்டம்
175,இவன் சட்டை கலர் புளூவா ?? பச்சையா ?? என்ற கேள்விக்கு விடை தெரியாமல் குழம்புவோர் சங்கம் சார்பாக படம் வெற்றி பெற வாழ்த்துக்கள்
176,"வாய் இருந்து என்ன பயன் 
இனம் இனத்தோடு தானே சேறும்...."
177,"அது என்ன தல
தமிழ்நாடு எல்லை ஆந்திரா பார்டர்
தமிழ்நாடு பார்டர் ஆந்திரா எல்லை"
178,தலைவரே அப்படியே அந்த பகாசூரன் படத்தையும்
179,குறிப்பிட்ட நடிகர்கள் படத்திற்கு மட்டும் தான் விமர்சனம் பண்ணுவிங்களா ?
180,சட்ட கலரை மாத்துபா பாத்து பாத்து சலிச்சு போச்சு
181,அண்ணா தாக்க பட்டார்
182,மூனாவது சாட்டை
183,தலைவரே சத்ரிய மோகன் ஜீ படம் எடுத்தால் மட்டும் படம் பார்க்க மாட்டீங்களா...ஒரு படத்துக்கும் விமர்சனம் போடல எங்களை பார்த்தால் மனிதனாக தெரியவில்லையா தலைவரே...
184,சாட்டை 3
185,நறுமண குசு விடுவோர் சங்கம் சார்பாக வாழ்த்துக்கள்
186,கருத்த குட்டி மாரன் 
187,புளு ஜட்டி திருடும் குருமா பாய்ஸ் சார்பாக வாழ்த்துக்கள்
188,ப்ளூ சட்டை சவுக்கியமா?
189,பகாசூரன் ரிவியூ  ?
190,இன்றைய வருத்தல்
191,நீ எடுத்த படம் இத விட மோசம் தம்பி
192,பாட்டை மட்டும் வெச்சு இங்கு பல பாடங்களை ஓட வைக்கிறார்கள்...
193,வாத்தி படத்தை பத்தி பேசுனா  தளபதி படத்தை போ உன் கிட்ட யாராவது பின் ஏன் கேட்டாங்களா
194,எந்த மோகன் ஜி. படத்துக்கும் விமர்சனம் செய்யாத ப்ளூ சட்டை பகசூரனுக்காவது விமர்சனம் செய்வீங்களா?
195,படம் ஊத்திக்கிச்சினு  தெரிஞ்சும் ரிவ்யூ பாக்குறவங்க யாரு ? ️
196,யோவ் பகாசூரன எங்கயா டோமரு
197,"தலைவரே பகாசூரன் ஏன் விமர்சிக்கல இதுவர,  பயம் என்பது எங்கள் ப்ளூசட்டை மாறன் அகராதிலயே கெடயாதுனு என் நண்பர் சொன்னார் நேற்று"
198,பகாசூரன் விமர்சனம் ஏப்போ?
199,படத்த படமா எடுங்க.
200,வாரிசு தாக்கப்பட்டார்
201,மோகன் ஜி படங்களுக்கு விமர்சனம் செய்வதற்கு உங்களுக்கு பயமா...... தல
202,தான் குண்டில இருக்குற பீ ய களுவபாரு அதுக்கு அப்புறம் அடுத்தவன் குண்டிய பாக்கலாம்..... 
203,எந்த ஆங்கில்ல பாத்தாலும் இவரு போட்டுட்டு வர்ற சட்டை புளூ கலராவே தெரியல. அப்புறம் ஏன்யா புளூ சட்டை மாறன்னு பேர் வச்சு எங்களை குழப்புறீங்க?
204,ஒரு படத்தின் மொத்த கதையையும் சொல்லிட்டு. அதுக்கு அப்புறம் என்ன நடந்தது என்பதுதான் மீதி கதை என்று சொல்றிங்க அப்போ பணம் போட்டு படத்தை எடுத்தவங்க எவ்ளோ கஷ்டப்படுவாங்க. நாங்க படம் பாக்க போனா இதுதான் கதை என்று தெரிந்து சுவாரஷ்யம் இல்லாமல் இருக்கும் தயவு செய்து படத்தின் கதையை நீங்கள் சொல்ல வேண்டாம். அவங்க கோடில செலவு படம் எடுக்குறாங்க நீங்க 500 ரூபாய் சட்டையை மாட்டிக்குன்னு படத்தை வாயில ஓட்டுறீங்க.
205,ப்ளூ சட்டை மாறன் அவர்களே அனைத்து திரைப்படங்களுக்கும் விமர்சனம் சொல்லும் நீங்கள் மோகன் ஜி எடுக்கும் எந்த ஒரு படத்திற்கும் விமர்சனம் சொல்லவில்லை காரணம்.
206,இல்லனா நிங்க வெள்ள 
207,உங்களுக்கு ப்ளூ சட்டை மாறன் என்று பெயர் வைத்தது யார் நீங்கள் அணிந்து வருவது பச்சை சட்டை தானே
208,"ப்ளூ சட்டை இது வாத்தி படம் விமர்சனம்,வாரிசு பத்தி பேசப்பிடாது"
209,"அவளோட கருத்த கேட்டு , கருத்தே போயிட்டேண்"
210,ஆமா நீ எடுத்த படத்ததான் பாத்தோம்முல
211,"அண்ணே நீங்க லைக் வாங்குறதுக்கும், பேர் வாங்குறதுக்கும் எங்க தளபதி படத்தப்பத்திலா தப்பா சொல்லாதீங்க புறியுதா. உங்களதா ரொம்ப நாளா நேர்ல பாக்கனும்னு காத்துக்கிட்டு இருக்கேன். ரொம்ப ரொம்ப தப்புனே நீங்க பேசுறது சொல்லிட்டேன்."
212,பகாசுரன் பற்றி பேச மாட்டிங்கலா பயமா?
213,கருத்தை கேட்டு கேட்டு நீ கருப்பாவல காரி மூஞ்சி காரி மூஞ்சி நீ கருப்பா ஆயிட்ட...
214,உன்னோட நியூ கேட்டு கேட்டு ஒரு படம் கூட இதுவரை நான் பார்க்கல
215,ஐயா இந்த பகாசூரன் ரிவ்யூ
216,பகாசூரன்... விமர்சனம் வரவில்லையே திரு. மாறன் அவர்களே....
217,படம் பார்கவே பிடிக்காத சங்கம்
218,யோவ் ப்ளூ சட்டை திரௌபதி ருத்ரதாண்டவம் பகாசுரன் படத்துக்கு விமர்சனமே சொல்லல மோகன்ஜி  படத்த படமா கூட மதிக்க மாட்டேங்கிறாயா
219,காங்கிரசுக்கு ஆதரவாக பிரச்சாரம் செய்ய இருக்கும் கமலஹாசன் சார்பாக வாத்தி படம் வெற்றி பெற வாழ்த்துக்கள் 
220,கருத்த மச்சான்... கஞ்சத்தனம் எதுக்கு வச்சான்...
221,ஏன்பா புளுசட்ட நீ இன்னுமா மோகன்ஜிக்கு பயந்துட்டு இருக்க. அவன் படத்த ரிவியூ பண்ணவே மாட்டேங்குறியே... ரிவியூ பண்ண அப்புறம் இருக்குற ஒரே சட்டைய கிழிச்சிட்டா என்னா பன்றதுனு பாக்குறியா???
222,படம் அவ்வளவு கேவலமாவா இருக்குது அப்படினு பெரும் கூட்டமா போய் படத்தை பாத்தாங்க 
223,அடப்பாவி சீரியல் 300 கோடி வசூல் ஃபேமிலி ப என்டர்டைமெண்ட் மூவி அடுத்த லோகேஷ் மூவி லியோ அந்த வாரிசு படத்துக்கு படத்தோட பிரிமியர் ஷோ நீதான் பஸ்டு போய் டேய் ஒரு கோடி வாங்கிட்டு எப்படி எல்லாம் ரவி போன்ற
224,அடப்பாவி சீரியல் 300 கோடி வசூல் ஃபேமிலி ப என்டர்டைமெண்ட் மூவி அடுத்த லோகேஷ் மூவி லியோ அந்த வாரிசு படத்துக்கு படத்தோட பிரிமியர் ஷோ நீதான் பஸ்டு போய் டேய் ஒரு கோடி வாங்கிட்டு எப்படி எல்லாம் ரவி போன்ற
225,அடப்பாவி சீரியல் 300 கோடி வசூல் ஃபேமிலி ப என்டர்டைமெண்ட் மூவி அடுத்த லோகேஷ் மூவி லியோ அந்த வாரிசு படத்துக்கு படத்தோட பிரிமியர் ஷோ நீதான் பஸ்டு போய் டேய் ஒரு கோடி வாங்கிட்டு எப்படி எல்லாம் ரவி போன்ற
226,எடப்பாடி பழனிச்சாமி சிறந்த முதல்வர்
227,நம்மவர் படம் போல நன்றாக இல்லை
228,கருத்து வேண்டாம் நீ சொல்ல கூடாதுடா வெளக்கெண்ண தலயா
229,"உணக்குதண்டா அவ்ளோ கேவலமா தெரியுது 
படம் வசூல் பாத்திங்களா"
230,"படம் செம்ம மொக்க, நம்ம தமிழ் நாட்டில் இல்லாத டைரக்டரா,"
231,இல்லனாலும் இவரு அப்டியே செக்க செவப்பா இருந்தாப்ல
232,நீ கூட ஒரு கருத்து சொல்றேன் சொல்லி ஒரு படம் எடுத்த நியாபகம் இருக்க
233,நீ எந்த படத்தை பத்திதான் நல்லதா சொல்லுவ
234,ஆத்தீ வாத்து வாத்தி சாத்து சாந்தி ஊத்தி பாத்தி ஹிந்தி
235,திரும்ப ஒரு தெலுங்கு படம் பார்த்தது போல் இருந்தது.
236,என்னடா பகாசுரன் ரிவ்யூ போடல
237,"சமுத்திரகனி ஹீரோவா நடிச்சா ""சாட்டை""
வில்லனா நடிச்சா ""சேட்டை"""
238,துள்ளாத மனம் துள்ளும் தளபதி ஃபேன்ஸ் தளபதி தான்டா கெட்ட விஷயத்தை பேசிப்பேசியே உன் முகம் கருத்திருச்சு டா வேற
239,புளுத்தி
240,எவ்வித செலவும் இல்லாமல் மற்றவர்களின் திரைப்படத்தை கேவலப்படுத்தி வருமானம் ஈட்டிக் கொண்டிருக்கிறீர்.
241,வெறும் பத்து லட்சம் 15 லட்சம் ப்ளூ சட்டை ரொம்ப பெரிய ஆளு நீ
242,படம் அவ்வளவு கேவலமாக இருக்கனு கூட்டமா போய் பாத்தாங்க
243,வாத்திய  ஊத்திகினு  வாந்தியெடுக்க சொல்லு.
244,படம் தோல்வி பெர வாழ்த்துக்கள்
245,மிக்க மொக்க 
246,குண்டி சொறி அஜித் ரசிகர் சார்பாக வாழ்த்துக்கள்
247,மாறன் அண்ணா என்ன பயமா. பகாசசூரன் படதின் மேல் திரை விமர்சனம் செய்ய பயமா. அப்போ நீங்க ஒரு நடுநிலை வாதி யண்று நினைத்தேன் ஆனால் நீங்களும் ஒரு சாரார் பக்கம் தான் பேசுறீங்க.
248,சுவரஸ்சுவரஸ்யம் இல்லாமல் விமர்சனம் சொல்லும் புளூசடை
249,பகசூரன்
250,மேடையில் பேசுனா கேட்டுட்டலு கருத்த புருஞ்சுறுமா
251,உன்னோடியா ஆன்டி இந்தியன் படத்தை விட மொக்க படம் ஏதும் இல்லா முதலா நீ நல்ல படம் எடு...
252,இந்த உலகத்திலேயே மிகவும் மோசமான படம்
253,ஈரோடு கிழக்கில் ஆ தி மு க வெற்றி பெரும் என நினைக்கும் மக்கள் சார்பில் படம் வெற்றி பெற வாழ்த்துக்கள்
254,நீ படம் எடான்டா
255,போடா டேய்...
256,போடா டே போடா
257,பகாசூரன் விமர்சனம் பன்ன தைரியம் இல்லாத ஆண்மை இல்லாத. பொட்டை புளுசட்டை மாறன்
258,"நீங்க ஒரு டுபாக்குர் ,
1. நீங்கள் பதான்னுக்கு கேவலமான ரிவ்யு கொடுத்தீங்க படம் பிச்சு கிட்டு போகுது
2. மொழி வாரியாக ஏன் மக்களை  குறுகிய வட்டத்துக்குள் பிரிக்கிறீர்கள் ? தெலுங்கோ தமிழோ கதை நன்றாக இருந்த மகாதீரா, பாகுபலி ஆகியவற்றை நாம் ஏற்று கொள்ள வில்லையா?"
259,"""தல யாவது தளபதியாவது , நமக்கு நமது பொழப்புதான்"" என தத்துவம் பேசும் ரசிகர்கள் சார்பாக இந்த வீடியோ வெற்றி பெற வாழ்த்துகள்...."
260,படம் இன்று தான் ரிலீஸ் என தெரியாமல் இருக்கும் ரசிகர்கள் சார்பாக படம் வெற்றி பெற வாழ்த்துக்கள் 
261,மன ஆறுதல் தேடி வந்திருக்கும் விஜய் ரசிகர்கள் சார்பாக வாழ்த்துக்கள்...!
262,ஆயிரம் கொறை சொன்னா கூட கடைசியா அஜித் நல்லா இருக்கான்னு ஒரு வார்த்தை சொன்ன பத்தியா நீ பெரிய மனுஷன்யா 
263,'அது என்ன சீன்' என்று தெரியாமல் குழம்பும் இரசிகர்கள் சார்பாக படம் வெற்றி பெற வாழ்த்துக்கள் ️
264,"தியேட்டர்கு போக காசு இல்லாமல்,டிவியில் படம் போட்டால்  பார்க்கும் ரசிகர்கள் சார்பாக வாழ்த்துக்கள்️"
265,இரண்டு படமும் பார்த்து விட்டு நம்ம என்ன குறை என்று நினைத்தோமோ அதை அப்படியே சொல்றாரா என்று பார்க்க வந்த ரசிகர்கள் சார்பாக வாழ்த்துக்கள்....
266,பல வருடமாக ஒரேசட்டையில் ரிவ்யூ போடும் மாறன் அவர்களுக்கு இந்த வருடம் பொங்களை முன்னிட்டு புது சட்டை வாங்கி கொடுக்கும் சார்பாக படம் வெற்றிபெற வாழ்த்துக்கள்
267,மரண பயத்தில் ரிவு பார்க்கும் தல ரசிகர்கள் சார்பாக படம் வெற்றி பெற வாழ்த்துக்கள்
268,வாரிசை விட துணிவுகு கொஞ்சம் பாசிட்டிவா சொல்லுவாரு என நம்பி வந்த அஜித் ரசிகர்கள் சார்பாக வாழ்த்துக்கள்..
269,வாரிசு ரிவியூ பார்த்து வயிறு எரிந்து துணிவு ரிவியூ பார்க்க வந்த ரசிகர்கள் சார்பாக படம் வெற்றி பெற வாழ்த்துக்கள்
270,எப்படியும் கலாய்க்க தான் போறார் என நன்றாக தெரிந்தும் ரிவ்யூ பார்க்கும் ரசிகர்கள் சார்பாக படம் வெற்றியடைய வாழ்த்துக்கள்
271,இரண்டு படங்களுக்கும் உண்மையான ரிவியூ சொன்ன அண்ணனுக்கு மனதார நன்றி.
272,🥹படம் ரிலீஸ் ஆன பிறகு ஒரு வாரம் கழித்து படம் பார்க்கும் ரசிகர்கள் சார்பாக படம் வெற்றி பெற வாழ்த்துக்கள்
273,படம் ரிலிசான அன்றே  மூவிஸ்டா வலைதளத்தில் வெளியானதால் மகிழ்ச்சி அடைந்த ரசிகர்கள் சார்பாக  இந்த ரிவிவு # டிரெண்ட் ஆக வாழ்த்துக்கள்
274,சிரிப்ப அடக்க முடியல சாமி 
275,இப்பதான் ரொம்ப சந்தோசமா இருக்கு என்று நினைக்கும் விஜய் ரசிகர்களுக்கு.பொங்கல் நல்வாழ்த்துக்கள் இது தளபதி பொங்கல் 
276,ஆளுநர் ரெவி ரசிகர்கள் சார்பாக படம் வெற்றி பெற வாழ்த்துக்கள்
277,துணிவு படத்தை  விட வாரிசு படத்தை வச்சி செஞ்சி இருக்கும்  ப்ளூ சட்டை என்று கவலை படும் விஜய் ரசிகர்கள்  சார்பாக வாழ்த்துக்கள்
278,"""எவ்வளவு செலவு செய்து படம் எடுத்தாலும் 500 ம்பி மட்டும் செலவு செயும் ரசிகர்கள் சார்பாக படம் வெற்றி பெற வாழ்த்துக்கள்.."
279,இதோடு விட்டுவிட்டாறே என்று மன ஆறுதல் படும் தல ரசிகர் சார்பாக படம் வெற்றிபெற வாழ்த்துக்கள்
280,3:23 விவேகம் நினைவிற்கு வருகிறது
281,3:41..... பொங்கல் அன்னைக்கு தீபாவளி பார்த்த மாதிரி இருந்துச்சு 
282,பணமில்லாமல் படம் பார்க்க முடியாமல் விமர்சனத்தை மட்டுமே பார்த்து படம் பார்த்த சந்தோசத்தை அடையும் பாமரன்கள் சார்பாக படம் வெற்றியடைய வாழ்த்துகள்.
283,5:31 தலைவா கடைசில அந்த டிக்கெட் கதை செம சூப்பர்   சிரிச்சி சிரிச்சி வயிறு வலிக்குது தல  
284,வீணா போன ரசிகர் சார்பாகவும் நாசமா போன ரசிகர் சார்பாகவும் படம் வெற்றி பெற வாழ்துகள்
285,"""துணிவு ரிவ்யூவை ஆவலோடு எதிர்பார்க்கும் விஜய் ரசிகர்கள் சார்பாக படம் வெற்றி பெற வாழ்த்துக்கள் "
286,ஹிந்தி மெகா சீரியல் ரசிகர்கள் சார்பாக துணிவு படம் வெற்றி பெற வாழ்த்துக்கள் ..
287,"இது போதும் தலைவா
 7:24 ️️️"
288,எந்தெந்த ரசிகர்கள் சார்பாக வாழ்த்து வந்து இருக்கிறது என்று தெரிந்து கொள்ள வந்த ரசிகர்கள் சார்பாக... படம் வெற்றி பெற வாழ்த்துக்கள்
289,இன்னும் ஆண்டி இந்தியன் படம் வெளிவந்தது தெரியாமல் இருக்கும் ரசிகர்கள் சார்பாக துணிவு படம் வெற்றிபெற வாழ்த்துக்கள்
290,அஜித் ரசிகர்கள் மைன்ட் வாய்ஸ் : நல்ல வேளை வாரிசு அளவுக்கு நம்மல கிழிக்கல..
291,மன ஆறுதல் தேடும் விஜய் ரசிகர்கள் சார்பாக படம் வெற்றியடைய வாழ்த்துகள்
292,விளையாட்டு பூனைகள் சங்கத் தலைவர் அண்ணன் ப்ளூ சட்டை மாறனுக்கு விளையாட்டு பூனைகள் சார்பாக வாழ்த்துக்கள் 
293,மேயர் பிரியா ரசிகர்கள் சார்பாக படம் வெற்றி பெற வாழ்த்துக்கள்.
294,"தீபாவளி மற்றும் பொங்கலுக்கு பழைய படி 5 படங்கள் ரிலீஸ் பண்ணனும்...
நம்ப தீபாவளி மற்றும் பொங்கலுக்கு ஒரே நாளில் 3 படம் பார்த்தவர்கள்."
295,வாரிசு படம் மாதிரி இந்த துணிவு படம் ரிவூவ்-வும் நெகட்டிவ் வாக இருக்கும் என பார்க்க வந்தவர்கள் சார்பாக படம் வெற்றி பெற வாழ்த்துக்கள் 
296,தல ரசிகன் தளபதி ரசிகன் என மோதும் ரசிகர்கள் மத்தியில் தலதளபதி இருவரையும் நேசிக்கும் தரமான ரசிகர்கள் சார்பாக படம் வெற்றி பெற வாழ்த்துக்கள்
297,தல படத்துக்கு வரவேற்பு அதிகரிக்க மன ஆறுதலுக்காக ரிவியூ பார்க்க வந்த தளபதி ரசிகர்கள் சார்பாக படம் வெற்றிபெற வாழ்த்துக்கள்..
298,ஏதோ ஒரு ரசிகர்கள் சார்பாக வாழ்த்துக்கள்!!
299, சரியா சொன்னீங்க  படம் நல்லா இருந்தா மட்டும் திறையறுங்கு போகும் ரசிகர்கள் சார்பாக வாழ்த்துக்கள் 
300,சூப்பர் ஜீ நீ உண்மையே பெரிய ஜெனியஸ்தான்...
301,"""இது கவிதை(னு) யார் சொன்னா?""
""பைத்தியக்காரன்""
""முட்டாள்களுக்கு மட்டும்""
""எனக்குப் பொக்கிஷம்"""
302,அண்ணன் ப்ளூ  சட்டை மாறன் அவர்களுக்கு வாழ்த்துக்கள்
303,எவ்வளவு நன்றாக படம் இருந்தாலும் இவர் தவறாக தான் விமர்சனம் சொல்லுவார் என தெறிந்தும் விடியோ பார்க்க வந்திருக்கும் தல ரசிகர் சார்பாக படம் வெற்றி பெற வாழ்த்துக்கள்
304,"தலைவனோட உச்ச கட்ட கலாய்  விமர்சனத்தில் அண்ணாத்த, விவேகம் இரண்டையும் அடிச்சிக்க முட்டியது "
305,பாரபட்சம் இல்லாமல் பட்டய கெளப்பும் புளூ சட்டைக்கு நன்றி 
306,தலைவா நீங்க சொன்ன பிறகு படம் பாக்கற ஆசையை போச்சு
307,இதுவரை விவேகம் படத்தின் கதை என்னவென்றே தெரியாமல் இருக்கும் ரசிகர்கள் சார்பாக படம் வெற்றிபெற வாழ்த்துக்கள்...
308,சின்ன வயசுல பெட்லயே ஒன்னுக்கு போகும் சினிமா ரசிகர்கள் சார்பாக வாழ்த்துக்கள் ️
309,என் மனசுல இருந்த பாரமே கொரஞ்சிருச்சு என நினைக்கும் தளபதி ரசிகர்கள் சார்பாக படம் வெற்றி அடைய வாழ்த்துக்கள் 
310,2 மணி நேரம் படத்தை உண்மை என்று நம்பி உயிரை கொடுக்கும் 5 அறிவு மனிதர்கள் சார்பாக வாழ்த்துக்கள் ️️️
311,மனநோயலியாய் மாறிவிட்ட சினமா ரசிகர்கள் திருந்தி வாழ வாழ்த்துகள்
312,இந்த தாயொலிக்கு ஒரு சாவு வராதா என்று ஏங்கும் ரசிகர்கள் சார்பாக வீடியோ வெற்றி பெற வாழ்த்துக்கள்...
313,"ரிவ்யூவால் அஜித் ரசகர்களை திருப்தி 
படுத்திய புளூ சட்டை மாறன் சார்பாக இந்த படம் வெற்றி பெற வாழ்த்துக்கள்"
314,படம் பார்க்கும் போது தூங்கிடடார் பாவம் நீல சட்டைக்கு வயசு கூட கண்ணும் வடிவா தெரியாது காதும் வடிவா கேக்காது ️️️ துணிவு படத்தில் மக்களுக்கான செய்தி இருக்கு நன்றி 
315,தல ரசிகர்கள் சார்பாக இனிய பொங்கல் நல்வாழ்த்துக்கள்  
316,துணிய மனமில்லாமல் ரிவீவ் பார்க்க வரும் ரசிகர்கள் சார்பாக படம் வெற்றி பெற வாழ்த்துக்கள்
317,ஏதாவது கழுவி உத்த மாட்டாரா என காத்திருக்கும் விஜய் ரசிகர் கள் சார்பாக படம் வெற்றி பெற வாழ்த்துகள்
318,ஹிந்தி சீரியல் சார்பாக வெற்றி பெற வாழ்த்துக்கள்
319,எப்படி படம் எடுத்தாலும் ஒரே குத்தமா சொல்றானேய்யா என பேசாம இந்த படங்கள இவங்கிட்ட திரும்ப குடுத்து எந்த குறையும் இல்லாம எடுத்துத்தா என சொல்லலாமா என்று யோசிப்போர் சார்பாக படம் வெற்றியடைய வாழ்த்துக்கள்
320,தமிழே தெரியாமல் தமிழ் படம் பார்க்கும் ரசிகர்கள் சார்பாக படம் வெற்றிப்பெற வாழ்த்துக்கள்.
321,"உண்மையான ரிவ்யூக்காக இல்லாமல், பொழுதுபோக்க மட்டும் காமெடி பீஸ் ப்ளூ சட்டை அவர்களை பார்ப்பவர்கள் சங்கம் சார்பாக படம் வெற்றி அடைய வாழ்த்துக்கள்."
322,விஜய் ரசிகர்கள் மனசு இப்போதான் குளிரும்
323,என் மனசுல இருக்கிற பாரம் எல்லாமே இப்பதாண்டா இறங்கிடுச்சு. நன்றி தலைவா
324,பொங்கலுக்கு தீபாவளிய பார்த்த மாதிரி இருக்கு ..... ஆனால் படம் எனக்கு புடிச்ச இருக்கு......
325,தாங்களுக்கு சாப்பாட்டுக்கு வழி இல்லாமல் அஜித் விஜய் போன்றவர்களை வாழவைக்கும் ரசிகர்கள் சார்பாக படம் வெற்றி பெற வாழ்த்துக்கள்
326,இப்பதான் ரொம்ப சந்தோசமா இருக்கு என்று நினைக்கும் விஜய் ரசிகர்களுக்கு.பொங்கல் நல்வாழ்த்துக்கள் இது தளபதி பொங்கல் 
327,நல்ல வேலை நான் பணத்தை மிச்சம் பண்ணிட்டேன் 
328,டேய் வயிறு எரியுதா உனக்கு என்னைக்குமே தல தளபதி தான் டா மாஸ் 
329,மகிழ்ச்சி வாழ்த்துகள் 
330,படமே பார்க்காமல் ரிவ்யூ மட்டும் பார்க்கும் அஜித் ரசிகர்கள் சார்பாக படம் வெற்றி பெற வாழ்த்துக்கள்
331,"தலைவர் தமிழ் படம் மட்டும் குறை சொல்லுவர்
மற்ற மொழி படங்களை மட்டும் குறை சொல்ல மாட்டார்

இது தான் உண்மை"
332,வாரிசு ரிவ்யூ பார்த்து மனமுடைந்து வந்து துணிவு ரிவ்யூ பார்க்கும் விஜய் ரசிகர்கள் சார்பாக வாழ்த்துக்கள் 
333,"இந்த இரண்டு படம் நல்லா தான் இருக்கு,ஒரு படம் நமக்கு என்ன செய்யவேண்டும் நம் கவலை மறந்து வேறு தேவையற்ற நமக்கு வேண்டாத ஒன்றை சிந்தனை வராமல் மகிழ்ச்சி செய்ய வேண்டும் அதில் இந்த இரண்டு செய்து உள்ளது அதில் துணிவு படத்தில் வசனம் உள்ளது மக்களை பொழுதுபோக்கு செய்பவர்களை இவர்கள் கடவுளா தலைவனா பார்க்கும் வழக்கமாக மக்கள் உள்ளார்கள் என்று அந்த துறை இருக்கும் போது இந்த கருத்தை செல்வது அதற்கு அனுமதி கொடுத்த அஜித், வினோத் உண்மையில் துணிவு அதிகம் தான் இந்த. டெத்பாடிக்கு தமிழ் படத்தை குறைகூர்வதுதான் வேலை"
334,விஜய் ரசிகர்களுக்கு மன ஆறுதலைத் தந்த அண்ணன் மாறனுக்கு கோட்டான கோடி நன்றி 
335,"ரொம்ப சரியா சொன்னீங்க சார்
இயக்குனர் விருப்பம் போல்
விட்டாலே படம் நல்லா வரும்
உதாரணம் "
336,மன ஆறுதல் தேடி வந்திருக்கும் விஜய் ரசிகர்களுக்கு 67 வெற்றி பெற வாழ்த்துகள்.
337,எதிர்பார்த்ததுதான்... பெரிய ஹீரோக்கள் படம் எடுத்தா லைப் செட்டில்னு நினைச்சு கோடிக்கனக்குல சம்பளம் வாங்கிட்டு அட்ரஸ் இல்லாம போகிற டைரக்டர்கள் சார்பாக வாழ்த்துக்கள் ....
338,உலக தல ரசிகர் சார்பாக படம் வெற்றி பெற வாழ்த்துக்கள்
339,இது எதிர்பார்த்த விமர்சனங்கள் தானே என நினைக்கும் ரசிகர் சார்பாக நல்ல பட வாழ்த்துக்கள்
340,ரிவ்யூ பார்த்துவிட்டு அப்பாடா! என்று பெருமூச்சு விடும் விஜய் ரசிகர்கள் சார்பாக வாழ்த்துக்கள்
341,வாரிசு விமர்சனம் விமர்சந்த்திற்கே ஒரு டிரெய்லர் விமர்சனம்...
342,மல்லக்கபடுத்து கொண்டு  ரிவிவ் பார்க்கும் அனைவரின் சார்பாக படம் வெற்றி பெற வாழ்த்துக்கள்
343,படத்துக்கு போக காசில்லாமல் ரிவியு பார்த்து சந்தாஷா படுவோர் சார்பாக வாழ்த்துக்கள் 
344,தமிழ் சினிமா சூப்பர் ஸ்டார்ஸ்கள் நல்ல கதை உள்ள படங்களை தேர்வு செய்ய தவறினால் தோல்வி தான் ஏற்படும்.. ஆனால் அவர்களின் கவனம் சம்பளத்தில் தான் உள்ளது 
345,துள்ளி குதித்தது ️ ரசிகர்கள் சார்பாக வாழ்த்துக்கள்
346,தன் சொந்த வாழ்க்கையிலேயே திருப்தி படாத புளுபில்ம் மாறன் சார்பாக வாழ்த்துக்கள்
347,கடைசியா துணிவு படம் பார்க்காமலே இறந்துபோன அந்த அஜித் ரசிகருக்கு ஆழ்ந்த இரங்கல்கள்
348,"ரொம்ப குஷ்டம்...... ஏது???
ரொம்ப கஷ்டம் ன்னு சொல்ல வந்தேன் பா....... "
349,படம் வெற்றி பெற வாழ்த்துகள் 
350,ரத்தவாந்தி எடுத்த ரசிகர்கள் சார்பாக படம் வெற்றி பெற வாழ்த்துக்கள்
351,படம் பார்க்காமல் ரிவியூ பார்க்க வந்திருக்கும் ரசிகர் சார்பாக வாழ்த்துக்கள்... 
352,நீ என்ன சொன்னாலும் நான் படத்தை தமிழ் ராகேர்ஸ்ல தான் பார்ப்பேன்னு சொல்லும் ரசிகர்கள் சார்பாக வாழ்த்துக்கள்
353,எதிர்பார்த்து எதிர்பாத்து ஏமாந்து போகும் அஜித் ரசிகர்கள் சார்பாக துணிவு வெற்றி பெற வாழ்த்துக்கள்
354,துணிவு படம் மாபெரும் மிகப்பெரிய மெகா ப்ளாக் பஸ்டர் ஹிட்
355,இப்பதான் ரொம்ப சந்தோசமா இருக்கு என்று நினைக்கும் விஜய் ரசிகர்களுக்கு.பொங்கல் நல்வாழ்த்துக்கள் இது தளபதி பொங்கல் 
356,தலயா? தளபதியா? என ஆவளோடு எதிர்பார்த்து காத்திருக்கும் ரசிகர்கள் சார்பாக வாழ்த்துக்கள் 
357,இப்பதான் ரொம்ப சந்தோசமா இருக்கு என்று நினைக்கும் விஜய் ரசிகர்களுக்கு.பொங்கல் நல்வாழ்த்துக்கள் இது தளபதி பொங்கல் 
358,அந்த 3 படமும் லோ பட்ஜெட் படம்.....
359,மன ஆறுதல் தேடி வந்திருக்கும் விஜய் ரசிகர்கள் சார்பாக வாழ்த்துக்கள்...!
360,இப்பதாண்டா சந்தோசமா இருக்கு என்று நினைக்கும் விஜய் ரசிகர் மன்றம் சார்பாக இந்த வீடியோ வெற்றி பெற வாழ்த்துக்கள்.
361,அஜித் ஆங்கில படம் ஹீரோ அளவுக்கு நடித்துள்ளார் மிகவும் சிறப்பாக நடிப்பு படம் பார்க்கும் ஆர்வம் ஆர்வம் ஏற்படுகிறது ஒவ்வொரு அஜித் ரசிகர் பார்க்க வேண்டிய படம்
362,வெளுத்து போன பச்சை சட்டை மாறனை நீலச் சட்டை மாறன் என அழைக்கும் ரசிகர்கள் சார்பாக படம் வெற்றி பெற என வாழ்த்துக்கள்.
363,வெள்ளை மீசை மாறன் ரசிகர்கள் சார்பாக படம் வெற்றி பெற வாழ்த்துகள்
364,மரணபீதியில் காத்திருக்கும் தல   ரசிகர்களின் சார்பாக 
365,ஆன்ட்டி இந்தியன் வெற்றி பெற வாழ்த்துக்கள் மிஸ்டர் புளூ 
366,வன்மத்தை கக்க வந்த தலதளபதி ரசிகர்கள் சார்பாக வாழ்த்துக்கள்
367,தலைவன் என்ன சொல்வானோ என்று பயத்துடன் வீடியோ பார்க்கும் ரசிகர்கள் சார்பாக படம் வெற்றி பெற வாழ்த்துக்கள்
368,தமிழ் சினிமாவின் சிறந்த இயக்குனர் ஐயா புளூ சட்டை மாறன் அவர்களின் சார்பாக படம் வெற்றி பெற வாழ்த்துக்கள்
369,இந்த கதைக்கு என்னடா கொரச்சல்
370,பாக்கியராஜ் ரசிகர்கள் சார்பாக படம் வெற்றிகரமாக வெற்றி அடைய வாழ்த்துக்கள் 
371,தமிழநாட்ல ஒரு வீரமான விமர்சகர்
372,அஜீத் லுக்  வில்லத்தனமான பேச்சி ரசிக்கும்படியா இருக்குனு சொல்லி அஜீத் ரசிகர்களை சந்தோஷ படுத்தியதற்க்கு நீல சட்டைக்கு நன்றி...
373,உங்கள் விமர்சனம் அருமை
374,5:55 ரெண்டு படமூம்பாத்துட்டு ரத்தவாந்திஎடுக்குறானுக
375,நல்லாத்தான்யா இருக்கு படம்.
376,ஆன்ட்டி இந்தியன் படம் வெற்றி பெற வாழ்த்துக்கள் 
377,உண்மை பேசும் தலைவனுக்கு வாழ்த்துக்கள்
378,ரேசன் கடையில் முந்தியடித்து ரூ-1000/- பெற்றவர்களின் சார்பாக படம் வெற்றியடைய வாழ்த்துக்கள்
379,படுதுகிக்கிட்டே ஈவிவ்  பார்க்கும் ரசிகர்கள் சார்பாக படம் வெற்றி பெற வாழ்த்துக்கள்....
380,இரண்டு படங்களும் நன்றாக இருக்கிறது.. அது பார்த்து ரசிக்கும் கண்ணோட்டத்தில் தான் இருக்கிறது...
381,சூரி ரசிகர்கள் சார்பாக படம் வெற்றி அடைய வாழ்த்துக்கள்
382,மன ஆறுதலுக்கு வந்த தளபதி ரசிகர்கள் சார்பாக படம் வெற்றிபெற வாழ்த்துக்கள் 
383,தியேட்டர் க்கு போக பயந்து. இன்று நெட்பிலிக்ஸ் இல் ஆர்வமாக பார்த்து  மண்ட காய்ந்து  பல்பு வாங்கியவர்கள் சார்பாக வாழ்த்துக்கள்
384,மோகன சுந்தரத்துக்காக படம் பார்க்க போக இருக்கும் ரசிகர்கள் சார்பாக வாழ்த்துக்கள் ..
385,"மொத்தத்துல இந்த ரிவீவ் எப்படி இருக்கு னா...... இதுக்கு முன்னாடி எந்த படத்தையும் இவ்வளவு மோசமா கழுவி ஊத்தனதே இல்ல..... 
சும்மா, சபீனா போட்டு கழுவு கழுவு ன்னு கழுவி அலசி ஊதியாச்சு "
386,"இவன் ரிவியூ வும், இவன் மூஞ்சும் னு மனசுக்குள்ள நெனச்சிக்கிட்டு படம் பார்க்க துடிக்கும் ரசிகர்களுக்கு வாழ்த்துக்கள்"
387,ஆன்டி இந்தியன் 2  வை ஆவலுடன் எதிர்பார்க்கும் ரசிகர்கள் சார்பாக திரைப்படம் வெற்றி பெற வாழ்த்துக்கள்...
388,இன்னும் மனசு விடாமல்  தமிழ் ராக்கர்ஸ்   தேடிப் பார்க்கும்    அப்புராணிகள்  சார்பாக   வா & து  இரு படங்களும் வெற்றி பெற வாழ்த்துகள்.
389,மன ஆறுதல் அடைந்த அணில் ரசிகர்கள் சார்பாக வீடியோ வெற்றி பெற வாழ்த்துகள்     
390,ஒரு கோடி பணம் வாங்கி கொண்டு துணிவுக்கு நல்ல ரிவியூ சொல்லும் விஜய் ரசிகர்கள் சார்பாக வாழ்த்துகள்
391,படம் குணிவு என்று தெரிந்தும் தெரியாததை போல் முட்டு குடுக்கும் அஜித் ரசிகர்கள் சார்பாக படம் வெற்றி பெற வாழ்த்துகள் 
392,பூலு சட்ட என்ன சொல்றான்னு பார்க்க வந்த தற்குறிகளுக்கு... வாழ்த்துக்கள்.
393,துணிவு துணிவா நிக்கும் தல தனியா நிக்கும்  இப்படம் வெற்றி பெற வாழ்த்துக்கள்
394,படம் பார்த்து விட்டு இங்கு வந்து ரிவியூ பார்க்கிற நண்பர்கள் சார்பாக ஒரு லைக் போடுங்க
395,எதாவது ஆறுதல் கிடைக்குமா என்று துணிவு ரிவ்யூ பார்க்க வந்த அஜித் ரசிகர்கள் சார்பாக படம் வெற்றி பெற வாழ்த்துகள்.
396,ஆன்டி இந்தியன் என்னும் திரைகாவியத்தை கொடுத்த  அற்புத கலைஞர் இவர்
397,டைரக்டர் வேலை செய்ய விடுங்கயா 
398,கமன்ட்ஸ் படிக்க வந்திருக்கும் நண்பர்கள் சார்பாக படம் வெற்றி பெற  வாழ்த்துக்கள்
399,மிக அருமையான விமர்சனம் 
400,"இரு படங்களும்,  அருமை அருமை..."
401,மொபைல் போனில் படம் பார்க்கும் ரசிகர்கள் சார்பாக படம் வெற்றி பெற வாழ்த்துக்கள்.
402,"துணிவுக்கு  ப்ளூ சட்டை ,நெகடிவ் ரிவியூவ் கொடுக்கணும்னு சாமி கும்பிடும் விஜய் ரசிகர்கள் சார்பாக படம் வெற்றி பெற வாழ்த்துக்கள்."
403,"நீங்கள் படத்தை விமர்சனம் செய்யும் விதமே புரிந்தவங்களுக்கு மட்டும் 
தனி சுகந்தான்  உலக நாயகன் கமல்ஹாசனாக இருந்தாலும்; உண்மையை உறக்கச் சொல்லும் உண்மை நாயகன் திருமிகு: புளு சட்டை மாறன் சிர் அவர்களுக்கு மனமார்ந்த  பாராட்டுக்கள் & வாழ்த்துக்கள்  வாழ்க வளமுடன்"
404,பெரிய ஹீரோவை வைத்து எடுக்கும் போது இப்படி தான் ஆகும்....அதுவும் தலயை வைத்து எடுக்கும் ரசிகர்களுக்கு பல ஸ்ரோரிங்கிங் கொடுக்க வேண்டும்.....இதில் தான் குழப்பம் ஏற்பட்டிருக்கும்
405,"அருமையான விமர்சனம்
சூப்பர் சார்..! அருமை சூப்பர்
வாழ்க வளமுடன்
உண்மையின் நாயகன்"
406,""" விவேகம் "" திரைக்காவியம் சார்பாக படம் வெற்றி பெற வாழ்த்துகள்    "
407,டைரக்டர் இளமையாதா இருக்காரு நடிச்சாலும் தவறில்லை.
408,நீங்கள் பேசியது அனைத்தும் உண்மை.....  எனது மனமார்ந்த வாழ்த்துக்கள்
409,பூலிவினி மாறன் ரிவியூவ் பார்கவந்த  ரசிகர்கள் சார்பில் படம் வெற்றி பெற வாழ்த்துகிறோம்
410,ரெண்டு படமும் ..தராச  இழுத்து அந்து போச்சா யோவ் ️
411,"தேட்டர் பிரிண்ட் இல் பார்பவருக்கு படம் புரியும் படி, தேட்டெரில் அதிகம் சத்தம் போடாமல் படத்தை மட்டும் பார்க்கும் ரசிகர்கள் சார்பாக படம் வெற்றிபெற வாழ்த்துக்கள்...."
412,ஆன்டி இண்டியன் காக்கா குஞ்சு கதை ப்ளூ சட்டை மாறன் 
413,யாரெல்லாம் விஜய் 67க்கு வெயிட் பண்றது
414,2:55 கிராம சபை கூட்டமா 
415,ரெண்டு படத்தையும் நிருத்து பாக்கும் திராசு சார்பாக படம் வெற்றி பெற வாழ்த்துக்கள்
416,வரபோகும் சலார் படம் சார்பாக படம் வெற்றி பெற வாழ்த்துக்கள்
417,வாழ்த்துக்கள் கமெண்டுகளை பார்த்து கடுப்பாகும் நண்பர்கள் சார்பாக படம் வெற்றி பெற வாழ்த்துகள்..
418,எப்படியோ அடுத்த படம் எங்க தளபதிக்கு லோகேஷ் கனகராஜ் அது போதும் எங்களுக்கு 
419,"சூப்பர் சார்  
நா இரண்டு படமும் பாத்துட்டேன்
முடியல வச்சு சேஞ்சுடாங்க
ரிவ்யு சூப்பர் கலகிட்டடீங்க"
420,வாரிசு ரிவிய்வ் அ விட கேவளமா இருக்கனும்னு ஆர்வத்தோடு பார்க்கும் ரசிகர்கள் சார்பாக......
421,அருமை
422,"மனவருத்தத்துடன் இருக்கும் அஜித் ரசிகர்களுக்கு 
தளபதி ரசிகர்களின் சார்பான அனுதாபங்கள்...."
423,மன நோயாளிகள் ஆகிருக்கும் ரசிகர்கள் சார்பாக வாழ்த்துக்கள்....
424,பொங்கல் நாள் அன்று தீபாவளி கொண்டாட்டத்தை காட்டிய இரு முட்டால்களுக்கும் என் வாழ்த்துக்கள் 
425,எப்படா வீடியோ போடுவாங்கன்னு காத்துக் கொண்டே இருக்கும் ரசிகர் மன்றம் சார்பாக இந்த வீடியோ வெற்றி பெற வாழ்த்துக்கள் 
426,ஆன்ட்டி இன்டியன் படத்தை கொண்டாடிய ரசிகர்கள் சார்பாக வாழ்த்துக்கள்...
427,அப்பாடா என்று நிம்மதி அடையும் விஜய் ரசிகர்கள் சார்பாக வாழ்த்துக்கள்
428,பஜன்லால்ஷேட் ரசிகர்மன்றம் சார்பாக படம் வெற்றிபெற வாழ்த்துக்கள்
429,இவ்வளவு வெளிப்படையாக பேசும் உங்களை பாராட்டுகின்றேன் 
430,என் நண்பன் ஒரு தல ரசிகன்! என சொல்லி கொண்டு இருக்கும் தரு தல ஆமை குமார் ரசிகன்! ஆனால் இப்போது அவன் தளபதி விஜய் ரசிகனாக  மாறிவிட்டான் காரணம் (கு) துணிவு விட வாரிசு அதிகமாக வசூல் சாதனையை செய்து இருப்பதால்!
431,"முதல் தடவை இவரது விமர்சனம் பார்க்கிறேன், இது என்ன விமர்சனம், குரலும்  ரொம்ப சுமார் , ."
432,டெலிகிராமில் எச்டி பிரிண்ட் வரும் காத்திருக்கும் ரசிகர்கள் சார்பாக வாழ்த்துக்கள்
433,கழுவி ஊத்துவது என்பது இது தானோ 
434,"தாங்கள் நகைச்சுவை செய்ய முயற்சி செய்து உள்ளீர்கள் வாழ்த்துகள்.. 
ஆனால் சிரிக்கும் படி இல்லை"
435,ஊருக்கு போகும் டிக்கெட் இல்ல படத்துக்கு போறதுக்கு டிக்கெட்  இல்லாமல் ரிவ்யூ பார்க்கும் மக்கள் சார்பாக வீடியோ வெற்றி பெற வாழ்த்துக்கள்
436,சண்டை போட்டுக்  கொண்டிருந்த விஜய் அஜித் ரசிகர்களை நண்பர்களாய் சேர்த்து வைத்ததற்கு நன்றி....
437,விவேகம் ரிவியூவ் நியபகம் வருது.. 
438,படம் நடிக்காமல் இருக்கும் மியா கலிபா ரசிகர்கள் சார்பாக படம் வெற்றி பெற வாழ்த்துக்கள் 
439,படத்துல எந்த ஒரு லாஜிக்கும் இல்ல மேஜிக்கும் இல்ல.....சூப்பர் மாறா
440,ப்ளூ சட்டையின் அரைகுறை விமர்சனத்தை கேட்டு ஏமாறப்போகும் மக்கள் சார்பாக வாழ்த்துக்கள்.
441,எந்த படம் வந்தாலும் நல்லா இல்ல சொல்லும் ப்ளூ சட்டை மாறன் சார்பாக இரண்டு படம் மு வெற்றி பெற வாழ்த்துக்கள் ️.
442,எனக்கு தெரிஞ்சு படம் நல்லாருக்கு என்று சொல்லும் ரசிகர்கள் சார்பாக படம் வெற்றி பெற வாழ்த்துக்கள்...
443,துணிவுடன் இதனை பார்க்கும் ரசிகர்கள் சார்பாக படம் வெற்றி கொண்டாட்டம் போட வாழ்த்துக்கள்
444,வேற லெவல் காமெடி பொங்கலுக்கு தீபாவளியை பார்த்ததா போச்சு 
445,மன தைரியத்துடன் பார்க்கும் அஜித் ரசிகர்களுக்கு வாழ்த்துக்கள்..
446,"அஜித் - விஜய் = தமிழ் 
சினிமாவின் துயரங்கள்..!!"
447,குளுர்ள குளிக்கலாம வேனாம னு கோழப்பத்துல இருக்குற சங்கங்கள் சார்பாக  பட வெற்றி பெற வாழ்த்துக்கள் 
448,அப்பாடா என நினைத்த விஜய் ரசிகர்கள் சார்பாக வாழ்த்துக்கள்
449,நைட்டு கொசுகடிதாங்க முடியாம ரீவீவ் பாக்கவந்த ரசிகர்கள்சார்பாக படம்வெற்றிபெ வாழ்த்துக்கள்
450,வாரிசு ரசிகர்களின் காத்திருப்பு 
451,மன தைரியமாக இதை பார்க்க வந்த ரசிகர்கள் சார்பாக வாழ்த்துகள்
452,ஜெய ஜெய ஜெய ஹே திரைப்படத்தின் இயக்குனர் வேற  ஹீரோ வேறு என்பதை தெரியாமல் விமர்சிக்கும் ப்ளூ கொட்டைக்கு வாழ்த்துக்கள்
453,உங்கள் படம் 100 நாள் ஓடினதுக்கு வாழ்த்துக்கள்
454,சூப்பர் சார் ஆனா உங்கள மாதிரி படம் எடுக்க முடியாது செத்துப் போன போன மாதிரி நடிச்சு சூப்பரா உயிரோட இருக்கிற மாதிரி ஒரு படம் எடு
455,துணிவு டன் வரும் அஜித் ரசிகர்களுக்கு ஒரு சலியூட்! 
456,"அப்பா அம்மாவின் தினக்கூலி பணத்தை அடித்து புடுங்கி முதல் ஷோ பாா்க்கும் தல, தளபதி ரசிகர்கள் சாா்பாக வீடியோ வெற்றி பெற வாழ்த்துக்கள் "
457,அந்த ஒத்த சீன்ல என்ன தாண்டா இருந்திருக்கும்....
458,நாளை துணிவு படம் பார்க்கும் போகும் ரசிகர்கள் சார்பாக
459,பரத் குமார் தம்பி அவர்களுக்கு எனது ஆழ்ந்த இரங்கலை தெரிவித்துக் கொள்கிறேன்
460,இவர் நல்ல செய்தி சொல்லுவாரா என்று காத்துக் கொண்டிருக்கும் அஜித் ரசிகர் .பாவம் என்று நினைக்கும் விஜய் ரசிகர் மன்றம் சார்பாக இந்த வீடியோ வெற்றி பெற வாழ்த்துக்கள் 
461,இரவு வரை காத்திருந்து ரிவியூ பார்க்கும் தளபதி ரசிகர்கள் சார்பாக படம் வெற்றி பெற வாழ்த்துக்கள்....
462,ஜோசப் விஜய் : “ அப்படா இப்போதான் உசுரே வந்துச்சு”
463,ப்ளூசட்டையே தடுமாற வைத்த துணிவு மாபெரும் வெற்றி
464,ரெண்டு படம் காசு மிச்சம் பண்ணிட்ட தல...
465,இப்போ தாண்ட என்ற மனசு குலு குலு  இருக்கு
466,"சும்மா இருந்த விசாலை, வெள்ளையிடம் கோர்த்து விட்டு ஆஸ்திரேலியா பயணம் சென்ற பிரபு சார் சார்பாக படம் வெற்றி பெற வாழ்த்துக்கள்"
467,துணிவு ரிவீயுவ்க்காக காத்து கொண்டிருந்த தளபதி ரசிகர்களின் சார்பாக இப்போது இந்த காணொளி வாயிலாக புளு சட்டை மாறனுக்கு வாழ்த்து தெரிவித்து கொள்கிறோம் 
468,ரோஹினி திரையரங்கம் உயிரிழந்த ரசிகருக்கு அழந்த அனுதாபங்கள்
469,சூரியவம்சம் அஜித் குமார் ரசிகர்கள் சார்பாக வெற்றி பெற வாழ்த்துக்கள்...!
470,டிக்கெட்ட கிழிச்சு போட்டுட்டு துண்டை காணோம் துணிய காணோம்னு ஓடியோர் சார்பாக படம் வெற்றியடைய வாழ்த்துகள் 
471,இவர் சொல்ற மாதிரி எல்லாம் படம் ஒன்னும் மோசம் கிடையாது ..படம் நல்லாதான் இருக்கு
472,தல அஜித் அவர்களின் துணிவு திரைபடம் வெற்றி பெற்ற வாழ்த்துக்கள்
473,துணிவு படம் அருமையோ அருமை.
474,மௌன ராகம் சொர்ணம் சார்பாக படம் வெற்றி பெற வாழ்த்துக்கள்..
475,"ரெண்டுத்தயும் கழுவி ஊத்தி ஆச்சு..... இனிமேலாவது நிம்மதியா போய் பொங்கல கொண்டாடுண்ணே.....

அண்ணன் மாறன் மற்றும் குடும்ப உறுப்பினர்கள் அனைவருக்கும்"
476,வாரிசு படம் தான் வின்னர் என்று சொல்லித்திரிபவன் சார்பாக படம் வெற்றி பெற வாழ்த்துகள்
477,தராசு சார்பா வாழ்த்துகள் இரு அணியினருக் கும் 
478,4:10நீங்க எடுத்த படத்தை ஒரு முறை பாருங்க இயக்குநர் சாஆஆர்
479,"2006 பொங்கலுக்கு வெளியான ஆதி, பரமசிவன் படங்களை பார்த்து பேதியான ரசிகர்களின் ஆன்மா, 2023 பொங்கலால் சாந்தி அடைகிறது."
480,மன தைரியத்துடன் ரிவ்யூ பார்க்கும் அஜித் ரசிகரும் மன்றம் சார்பாக இந்த வீடியோ வெற்றி பெற வாழ்த்துக்கள் 
481,சும்மா வாழ்த்துக்கள் வாழ்த்துக்கள் என பல கமெண்ட்களை பார்த்து கடுப்பான ரசிகர்கள் சார்பாக வாழ்த்துக்கள் 
482,செவுடன் காதுல உதுன சங்கு தான் பங்கம் யா ️
483,இன்றுவரை வெற்றி நடை பேடும் விவேகம் ரிவ்யூ சார்பாக வாழ்த்துக்கள்.....
484,என்றும் தீதளபதி     இளய தளபதி விஜய்    67
485,தலைவன் எப்பவுமே அஜித் படம் வந்தா குஷி ஆகிடுவார்
486,அண்ணாத்தைக்கு வாரிசு பிறந்திருக்கிறது..  இருந்தாலும் இரண்டு படங்களும் வெற்றி பெற வாழ்த்துக்கள்.. 
487,சினிமா கூத்தாடிகளால்நாடு நாசமானது என்று வையும்  பூமர் ஆங்கிள்கள் சார்பாக படம் வெற்றி பெற வாழ்த்துகள்
488,"வாரிசு : ஹிந்தி மெகா சீரியல் பாக்க அறிய வாய்ப்பு 
துணிவு : லாஜிக்கும் இல்ல மேஜிக்கும் இல்ல ரொம்ப கஸ்டம்
வாரிசு️துணிவு..... மேட்ச் ட்ரா.......
இவன் கெடக்ரா நாம்ம ரெண்டு படத்தையும் என்ஜாய் பண்ணி ஜெயிக்க வெப்போம்"
489,அலாவுதீன் ஹிந்தி நாடகம் சார்பாக துணிவு வெற்றியடைய வாழ்த்துகள்.
490,"தில் ராஜு ரசிகர்கள் சார்பாக
வாழ்த்துக்கள்"
491,ஆண்ட்டி இந்தியன் படத்திற்காக ஆஸ்கார் பெற்று ரெவியூ சொல்ல தகுதி பெற்று வந்த மாறன் அவர்களுக்கு வாழ்த்துக்கள் 
492,புளு சட்டை மாறனுக்கு தல தளபதி ரசிகர் மன்றங்கள் இணைந்து வழங்கும் புதிய பட்டம் “ வன்ம தேவன்” 
493,கமெண்ட் பாக்க வந்தவங்க ஒரு லைக் போடுங்க
494,இப்பதான் ரொம்ப சந்தோசமா இருக்கு என்று நினைக்கும் விஜய் ரசிகர்களுக்கு.பொங்கல் நல்வாழ்த்துக்கள் இது தளபதி பொங்கல் 
495,இதுவரைக்கும் அஜித் படத்தை தியேட்டர்... ஏன் டிவியில் கூட பார்க்காத ரசிகர்கள் சார்பாக வாழ்த்துக்கள் 
496,நம்ம குறைய கேட்க ஆளில்லாத ரசிகர்கள் சார்பாக வாழ்த்துக்கள் 
497,ராமராஜன் ரசிகர்கள் சார்பாக வாழ்த்துக்கள்
498,ஒரு கையில் கட்டிங்  ஒரு கையில் சிகரெட் வைத்துக்கொண்டு ரிவிவ் பார்க்கும் ரசிகர்கள் சார்பாக படம் வெற்றி அடைய வாழ்த்துக்கள்
499,இப்பதான் ரொம்ப சந்தோசமா இருக்கு என்று நினைக்கும் விஜய் ரசிகர்களுக்கு.பொங்கல் நல்வாழ்த்துக்கள் இது தளபதி பொங்கல் 
500,மன நோயாளியாக மாறி இருக்கும் அஜித் ரசிகர்கள் சார்பாக படம் வெற்றி பெற வாழ்த்துக்கள்
501,"நான் அஜீத், விஜய் இருவர் படமும் பார்ப்பதில்லை. ஆனால் அஜீத்தை அவரது குணத்திற்காக பிடிக்கும்."
502,எந்த படத்துக்கு கேவலமா விமர்சனம் பண்ணிருக்கானு பாக்க வந்த ரசிகர்கள் சார்பாக வாழ்த்துக்கள் 🫣
503,இரண்டு ரசிகர்கள் திட்டுவார்கள் என்று ரெண்டு பேத்துக்கும் பாரபட்சமில்லாமல் வைத்து சென்றுவிட்டார்
504,எப்படா இப்போ தான் டா மனசு நிமதியா இருக்குனு யார் யார் நினைக்கிறீங்க
505,"நீல சொக்கா என்ன ஒலரினாலும் அதை காதில் போட்டு கொள்ளாமல், 'துணிவு' போன்ற தரமான படங்களை திரையரங்கம் சென்று பார்த்து மகிழும் சினிமா ரசிகர்கள் சார்பாக வாழ்த்துக்கள்."
506,மகா நதி சங்கரின் நடிப்பு அருமை
507,இலண்டன் வாழ் தமிழ் மக்கள் சார்பாக பொங்கல் வெற்றி படமான துணிவுக்கு வாழ்த்துகள்
508,துணிவு நன்றாக உள்ளது என்று கூறும் ரசிகர்கள் சார்பில் படம் வெற்றி பெற வாழ்த்துக்கள்  .. 
509,அஜித் லுக் நல்லா இருக்கு என்று சொன்னதை கேட்டு ஆறுதல் அடைந்த ரசிகர்கள் சார்பாக படம் வெற்றி பெற வாழ்த்துக்கள் 
510,ஊதா சட்டை அண்ணன் நீங்க அஜித் வச்சி ஒரு படம் பண்ணுஙக அதாவது நல்ல இருக்கானு பாக்கலாம்
511,"நடிகர் ஒருவரின் வளர்ச்சி அதிகரிக்கும் போது இது போன்ற விமர்சனம் வர தான் செய்யும்
அது தல யாக இருந்தாலும் சரி தளபதி ஆக இருந்தாலும் சரி"
512,காசு தரலைனு வன்மத்தை கக்குற வாஷ்அவுட் இண்டி இந்தியன் டைரக்டருக்கு பொங்கல் வாழ்த்துக்கள்
513,கண்ணத்தில் தொப்பை எதும் இல்லை என்பதே அஜித்துக்கு சந்தோஷம்
514,நீங்க உண்மையிலேயே டம்மிதான் போல
515,"இந்த மாதிரி பல்ப்கள்  விஜய், அஜித் படங்கள் நெறைய தடவை வாங்கிருந்தாலும் , 

சேர்ந்து பல்ப் வாங்குறது இதான் 1ஸ்ட் டைம்....."
516,"அஜித் எப்படி நடித்துரிக்கிறார் என்று சொன்னது, மோகனாசுந்தரம் காமெடி நல்லா இருக்கு னு சொன்னது, வினோத் திறமையை புகழ்ந்து பேசியது. நீங்கள் ஒரு நல்ல விமர்சகர் என்றே சொல்ல வேண்டும். கதை நல்லா இல்ல மற்றும் திரைக்கதை நல்லா இல்ல. "
517,த லெஜெண்ட் அண்ணாச்சி ரசிகர்கள் சார்பாக இரண்டு படமும் தோல்வி அடைய வாழ்த்துக்கள்
518,வாரிசு & துணிவு படங்கள் பார்த்து த்ரிப்தி அடையாமல் இருக்கும் ரசிகர்கள் சார்பாக இரு படமும் வெற்றி பெற வாழ்த்துக்கள் 
519,ஏமாந்தவர்கள் சார்பாக படம் வெற்றி பெற வாழ்த்துக்கள்
520,எந்தப் படம் வந்தாலும் தியேட்டரில் போய் பார்க்கும் ரசிகர்கள் சார்பாக வீடியோ வெற்றி பெற வாழ்த்துக்கள்
521,மாறன் சார்  க.க.போ
522,வலிமை படம் பஜன் லால் சேட் சங்கம் சார்பில் படம் வெற்றி பெற வாழ்த்துக்கள் 
523,துணிவு - துணிச்சலான வெற்றி 
524,காலம்காலமாக அல்டர் ப்லோப் அள்ளி கொடுக்கும் தல தளபதயின் ரசிகர்கள் சார்பாக வாழ்த்துக்கள்
525,உங்களுடைய  துணிவு விமர்சனம் இன்று மதிய த்திலிருந்து  சோா்ந்து  போயிருந்த  விஜய் ரசிகர்களின் முகத்தில் சந்தோஷத்தை  வெளிப்படுத்தியது  என்று கூறினால் அது மிகையாகாது 
526,காசு வாங்கிக் கொண்டு ரிவ்யூ கொடுத்த அண்ணன் ப்ளூ சட்டை அவர்களுக்கு மனமார்ந்த நன்றிகள் 
527,அஜித் ரசிகர்கள் சார்பாக  வெற்றி பெற வாழ்த்துக்கள்
528,"""விஜய்யிடம் பொட்டி வாங்கிட்டாரா"" என்று சந்தேகத்தோடு வீடியோ பார்க்க வந்தவர்கள் சார்பாக துணிவு படம் வெற்றி பெற வாழ்த்துகள் "
529,தனியார் வங்கியால் பாதிக்கப்பட்டவர்கள் கொண்டாடும் வெற்றி 
530,ஒன்னுமே இல்லாம கமெண்ட் க்கு எதுக்கு இத்தனை லைக் எனக்கு புரியலை
531,அடுத்த தர்மஅடி எந்த தியேட்டரில் வாங்குவார் என்று எதிர்பார்க்கும் ரசிகர்கள் சார்பாக படம் வெற்றி பெற வாழ்த்துக்கள்
532,பலகோடி ரசிகர்களை கொண்ட கரகாட்டகாரி ராஷ்மிகா ரசிகர்களின் சார்பாக வாரிசு வெற்றி பெற வாழ்த்துக்கள்
533,சதுரங்கவேட்டை தீரன் திரைப்படம் டைரக்டர் இது மாஸ் ஹீரோ திரைப்படம் இது இப்படித்தான் பிடிக்க முடியும் ப்ளூ சட்டை முண்டம் தரம் குறைந்து விமர்சனம் பண்ண கூடாது
534,"7:34 , வாழ்த்துக்கள்"
535,நீ என்ன சொன்னாலும் என்றும் தல தான் 
536,அடுத்தவன் படைப்பில் குறை சொல்லி சம்பாதிக்கிற இதெல்லாம் ஒரு பிழைப்பு. இன்னும் எத்தனை நாள் பார்ப்போம்
537,எப்படியாவது இந்த படத்தையும் கலுவி உத்தனும் னு ரிவியு பாக்க வந்திருக்கும் வாரிசு ரசிகர்கள் சார்பாக படம் வெற்சி பெற வாழ்த்துகள்
538,ஓட்டத்தில் உசைன் போல்ட்ஐ மிஞ்சிய ரம்மி ரவி ரசிகர்கள் சார்பாக படம் வெற்றி பெற வாழ்த்துக்கள்.
539,வினோத் ஜெயம் ரவி கூட்டணி சிறப்பாக இருக்கும்.
540,தாத்தா ரசிகர் சார்பாக துணிவு படம் வெற்றி பெற வாழ்த்துக்கள் 
541,வாரிசு பொங்கல் 
542,நல்ல கற்பனை கதை சொல்ற
543,"அவன் அவன் 1000, 2000 வரை கொடுத்தாலும் டிக்கெட் கிடைக்கலை ன்னு படம் பாக்காம வந்தானுங்க . நீங்க உருட்டுங்க சார் உருட்டுங்க உருட்டுங்க.."
544,ரொம்ப கஷ்டம் 
545,வாரிசு படம் அறுவையோ அறுவை
546,துணிவு 
547,சினிமா உனக்கு மட்டும் தான் பாக்க தெரியுமா ஏன் எங்களுக்கு பாக்க தெரியாதா நீ பண்ணுணத விட இந்த படம் நல்லாதான் இருக்கு
548,ஒரே குஷ்டம் ச்சே ச்சே கஷ்டம்ப்பா
549,"படத்தை சரியாக பார்க்காமல் விமர்சனம் சொல்லும் மாறன். இந்த படத்தில் நிறைய இடத்தில் அஜித் மீது குண்டு பாந்தது , குருட்டு மாறன்."
550,இந்த மாதிரி கேரக்டரை ஏற்று நடிப்பதற்கு நடிகர்கள் வெட்கப்பட வேண்டும்
551,"படத்தை படமாக பார்க்க வேண்டும்...
குறை கண்டு பிடிக்கவே படத்தை பார்ப்பவர்கள் உண்டு..."
552,துணிவு தலை குனிவு!
553,நல்லவேள வாரிசைவிட துணிவு ரிவீவ்வு பெட்டரா இருக்குது 
554,துணிவு = ஜென்டில்மேன
555,அப்ப பாக்கலாம் சார்
556,துணிவு ஒரு நல்ல படம்
557,100 %  சரியான விமர்சனம் யா    படம் முழுக்க மொக்கதான்
558,அய்யோ பாவம் நீல நரி !!!!?
559,ஆண்டி இண்டியன் என்ற மாபெரும் மொக்க படத்தை பார்த்து அடிதாங்கி முடியாமல் உடம்பு வலியுடன் வீட்டிற்கு சென்றோர் சார்பாக இத்திரைப்படம் வெற்றிபெற வாழ்த்துக்கள்
560,"எந்த படத்துக்கு நல்ல முறையில் ரிவ்யூ கூடுப்ப......
உன் வாயில பாராட்டு வாங்க எந்த டைரக்டரும் இந்த பூமியில் இல்லை..........
நீயே படம் பண்ணி நீயே உன்னை பாராட்டி ரிவ்யூ கூடுத்துக்க............
உன் கற்பனைக்கு நீ தான் படம் எடுக்கனும்........"
561,நீங்க ஹீரோ வா இருந்து டைரக்ட் பண்ண படம் என்ன வெற்றி படமா... லவ் டுடே மாதிரி... தீரன் அத்தியாயம் 1க்கு  நீங்க நல்ல செர்டிபிகேட் எல்லாம் கொடுக்கல அய்யா...
562,யோ பச்சை சட்டை எந்த படம் ரிலீஸ் ஆச்சு உன்னோட ரிவ்யூ பார்த்துட்டு தாயா படத்துக்கு போவ துணிவு படம் நல்லா இல்லை நெனச்சேன் படம் பார்த்தவன் எல்லாருமே நல்லா இருக்கு சொல்றான் நானும் நேற்றுதான் பார்த்தேன் இதுக்கு மேல படத்தை எப்படியா எடுக்க முடியும் நீ எடுத்த இளவு படம் மாதிரி இருக்கணும்னு நினைக்கிறியா பேர ப்ளூ சட்டை க்கு பதிலாக பச்சை சட்டைணு மாத்திக்கோ நீங்க வளர்ந்து வர வரைக்கும் கரெக்டா பேசுவீங்க அப்புறம் எல்லாரும் மாதிரி தான் நீங்களும்
563,உதயநிதி இந்த வீடியோவை பார்த்தாரா
564,"அதை ஒரு குப்பை படம் எடுக்காதவன் இப்படி ரிவியூ சொன்னா ஏத்துக்கலாம்,அதை நீ சொல்றபாரு அதான்டா கொடுமை,என்ன கேமரா விலை பத்தாயிரம் இருக்குமாடா புளு சட்டை,இரண்டு படமும் ஓகே தான்"
565,அறுமைவிமர்சனம்
566,படம் நல்லாதான் இருக்கு நீ போயா?
567,"படத்துல கதை, கருத்து தேவையில்லை.. படம் போர் அடிக்காம இருந்தாலே போதும்"
568,நீ என்னைக்காவது அடி வாங்கி சாக போற...பாத்து இருந்துக்கோ
569,அது எப்படிங்க என் பொண்டாட்டி அழகில்லை என்று நான் சொல்லலாம் அடுத்தவன் பொண்டாட்டி அழகில்லை என்று சொல்லிக்கிட்டு இருக்கீங்க தொடர்ந்து இந்த மாதிரி தவறு செய்யாமல் இருக்கவும்
570,செருப்பாலே  அடிப்பேன்....
571,"இவன் விக்ரம் -2, வேதாளம், விஸ்வாசம் படத்திற்கே கேவலமான விமானங்கள்-தான் சொன்னான்"
572,விஜய் படம் அஜித் படம் இரண்டையும் பாத்தாச்சு ரெண்டு படத்துல எது ரொம்ப மொக்க என்று கமெண்டில் சொல்லவும்
573,இவரோட ரிவீவ்வெல்லாம் கேட்டுட்டு போனீங்கன்னா அவ்ளோ தான். இவர் பேச்சையெல்லாம் ஒரு பெர்சன்ட் கூட மதிக்காதீங்க.
574,யாருக்கெல்லாம் தல பிடிக்கும்?
575,குணிவு படம் பார்த்து பாதியில் வெளிய வந்த ரசிகர்கள் சார்பாக வீடியோ வெற்றிபெற வாழ்த்துக்கள்...
576,மாறன் உங்க அப்பாவும் உங்க மாமனாரும் அங்க டிக்கெட் வித்துட்டு இருந்தாரே அவரை அதையும் சொல்ல வேண்டிய தானே
577,துணிவு நல்லாயிருக்கு
578,நீ சொன்னா கரெக்டா இருக்கும்.நீ கடவுளா
579,எவ்வளவோ பேர் சொல்லியும் கேட்காமல் துணிவு படத்தை துணிச்சலோடு பார்த்தேன் இப்பேர்ப்பட்ட குப்பை படத்தை இதுவரை நான் பார்த்ததே இல்லை
580,பூளு சட்டை மாறன்
581,"நெகடிவ் மன்னன் மாறன்
 நீ ஏதாவது ஒரு படத்துக்கு பாசிட்டிவ் விமர்சனம் பண்ணீருக்கயா"
582,உனக்கு உனக்கு புடிக்கல மாறலாம் படம் யாராலும் எடுக்க முடியாது டா ரசிகர்கள் ரசிக்கும் படி தண்டா படம் எடுக்க முடியும் உன்னை போல படங்களையெல்லாம் குறை சொல்லிப் உழைப்பவனுக்கு எப்படி படம் எடுத்தாலும் எனவே தீரன் அதிகாரத்தையும் சதுரங்க வேட்டையும் குறை சொன்னவன் நி வெற்றியான பின் வெற்றிப்படம் என்கிறாய்.
583,நீ ரத்தம் வாந்தி எடுத்து சாவலயா...
584,உங்களுக்கு எப்படி தான் படம் எடுக்க வேண்டும் இல்லையெனில் நீங்கள் தான் இருவரையும் ஒன்றாக சேர்த்து ஒரு படம் எடுக்க அதுவும் உங்களால் முடியவில்லை என்றால் தேவை இல்லாமல் இப்படி ஒரு கேவலமான ரிவியூவ் உங்களுக்கு ரிவே சரியாக கொடுக்க முடியவில்லை இதில் விளம்பரம் ஒரு கேடு
585,உனக்கு எப்டி தான் டா படம் எடுத்தா புடிக்கும்
586,நீ சோற திங்கிறியா இல்லை சுசுசு.. யா திங்கிறியா ல
587,இவ்ளோ பேசர இல்ல நீ எடுத்த படம் வெலங்கவே இல்ல   அதுக்கு என்ன சொல்ர
588,இவனுக்கு வேற வேலையே இல்ல துணிவு & வாரிசு நல்லா இருக்கு பாருங்க
589,இத விட நல்லா எடுக்க உங்க அப்பன் பெத்த புள்ளையாள தாண்டா முடியும் உங்க அப்பன் மவனே.
590,நல்ல கதையை நீங்களே சொல்லுங்க புலு சட்டை......
591,துணிவு சூப்பரா இருக்கு
592,படம் மிக கொடுமை. இந்த மாதிரி படம் எடுக்குறவனுங்க மக்கள எவ்வளவு முட்டாளாக நினைக்கிறார்கள். படம் முழுவதும் சுட்டு கொண்டே இருக்கிறார்கள். சரியான டுபாக்கூர் படம். அஜித்தை பார்த்த நிம்மதியை தவிர படம் ஒரு பூஜ்யம்.
593,உன் அறுவ தாங்க முடியலே டா படமே பரவல்லடா
594,நீ எந்த படத்த நல்லா இருக்குனு சொன்ன போடா
595,பேய் ஒழுங்க படத்தை பார் ட சு
596,நீயே ஒரு ஆன்ட்டி இந்தியன் மாதிரி இருக்குற த வெஸ்ட் இண்டீஸ் கிழவா
597,போடா ஜோக்கர்
598,போட நயே உனக்கு வேற வேலை இல்லை
599,டோய் பாடு...........
600,வாரிசு ஹெச்டி பிரிண்டில் படம் பார்த்துட்டு வந்து ரிவ்யூ பார்க்கும் ரசிகர்கள் 
601,அப்பாடா என் மனசுல இருந்த பாரமே குறைஞ்சிடுச்சு...... 
602,அண்ணாத்தை படத்தை சீரியல் என்று ஏலனம் செய்த விஜய் ரசிகர்கள் சார்பாக படம் வெற்றி பெற வாழ்த்துக்கள்.....
603,எப்படா வீடியோ போடுவானு காத்துட்டு இருந்தவர்களின் சார்பாக வீடியோ வெற்றி பெற வாழ்த்துக்கள் 
604,துணிவு படத்தை  விட வாரிசு படத்தை வச்சி செஞ்சி இருக்கும்  ப்ளூ சட்டை என்று கவலை படும் விஜய் ரசிகர்கள்  சார்பாக வாழ்த்துக்கள்
605,எப்படியும் கலாய்க்க போறார்னு எதிர்பார்த்து வந்த பார்வையாளர்கள் சார்பாக படம் வெற்றியடைய வாழ்த்துகள்
606,என்னதான் வாரிசு படத்தை கழுவி ஊத்துனாலும் கண் கலங்காமல் படம் பார்க்க செல்லும் ரசிகர்கள் சார்பாக வாழ்த்துக்கள்
607,பொங்கலுக்கு லீவு கிடைக்காமல் வேலைக்கு போகும் ரசிகர்கள் சார்பாக படம் வெற்றி பெற வாழ்த்துக்கள்.....
608,உண்மைதான்....அப்படித்தான் இருந்தது....எல்லாம் செயற்கையான பாசம்....யாரும் ஒட்டவில்லை......
609,துணிவுக்கு என்னென்ன சொல்ல போறாரோ னு கவலை படும் ரசிகர்கள் சார்பாக படம் வெற்றி பெற வாழ்த்துக்கள்
610,துணிவு'க்கு என்னென்ன சொல்ல போராரு என மனதை வலிமை படுத்திக்கொண்டு காத்திருக்கும் ரசிகர்கள் சார்பாக படம் வெற்றி பெற வாழ்த்துகள் 
611,ஹிந்தி மெகா சீரியல் ரசிகர்கள் சார்பாக படம் வெற்றி பெற வாழ்த்துக்கள் 
612,காசு  இல்லாமல்  படம்  பக்கமுடியாத  ரசிகர்கள்  சார்பாக படம்  வெற்றி  பெற  வாழ்த்துக்கள் 
613,தினமும் குளிக்காமல் ஒரே சட்டையை போட்டுகொண்டு வரும் ப்ளூ சட்டை மாரன் ரசிகர்கள் சார்பாக படம் வெற்றி அடைய வாழ்த்துக்கள்...
614,"முதல் நாள் முதல் காட்சி டிக்கெட்  
கிடைக்காமல் இரண்டாம் காட்சி பார்த்த ரசிகர்கள் சார்பாக படம் வெற்றி பெற வாழ்த்துக்கள்"
615,யார் மனதையும் புன்படுத்தாமல் ரீவியூ கொடுத்தமைக்கு நன்றி 
616,1கோடி ரூபாய் கமிசன் வாங்கி இருக்கேன்னு சொன்னவன் வாய்லயே செருப்படி கொடுத்தாரு மாறன்
617,டவுன்லோட் செய்ய காத்திருக்கும் ரசிகர்கள் சார்பாக படம் வெற்றியடைய வாழ்த்துக்கள்.. 
618,இந்திய தொலைக்காட்சிகளில் முதல் முறையாக என்று எப்போ வாரிசு திரைப்படம் போடுவார்கள் என எதிர்பார்க்கும் சங்கம் சார்பாக படம் வெற்றி பெற வாழ்த்துக்கள்
619,டியூசன் செல்லும் மாணவர்கள் சார்பாக படம் வெற்றி அடைய வாழ்த்துக்கள்
620,இன்னமும் ஆண்டி இந்தியன் படம் பார்க்காதவர்கள் சார்பாக படம் வெற்றி பெற வாழ்த்துக்கள் 
621,வாரிசு விமர்சனம் பார்த்து தூங்குவோர் சங்கம் சார்பாக படம் வெற்றியடைய வாழ்த்துகள் 
622,தமிழ் படம் என்று எதிர்பார்த்து தெலுங்கு படம் பார்த்த ரசியர்கள் சார்பாக வாழ்த்துக்கள்
623,நீங்கள் சொன்னதிலியே பிரகாஷ் ராஜ் இனி படத்தில் வில்லனாக கூட நடிக்க முடியாது போல...
624,ஹிந்தி மெகா சீரியல் வெற்றி பெற தல ரசிகர்கள் சார்பாக வாழ்த்துக்கள் 
625,இனியாவது தமிழ் முவி திறுந்தட்டும்.. முக்கியமாக விஜய் அஜித்திற்கு...
626,ஆண்டி இந்தியன் படம் பார்த்துவிட்டு இன்னும் இவனை உயிருடன் விட்ட ரசிகர் சார்பாக படம் வெற்றி அடைய வாழ்த்துகள் 
627,டிக்கெட் கிடைக்காமல் வருத்த படாத வாலிபர் சங்கம் சார்பாக   வெற்றி பெற்ற வாழ்த்துகள்
628,சாரி தல நீங்க சொன்னது கேட்காம படத்த பார்த்து தொலச்சிட்டென்...
629,ஆட்டுக்கு எதுக்கு தாடி.. நாட்டுக்கு எதுக்கு ஆளுநர் என்று பகிரங்கமாய் வெளிப்படுத்தியமைக்கு .. எங்க தலைக்கு தில்ல பார்த்தியா 
630,படம் வெற்றி பெற வாழ்த்துகிறேன் தளபதி ரசிகர் சார்பாக...
631,ராஷ்மிகா ரசிகர்கள் சார்பாக படம் வெற்றி பெற வாழ்த்துக்கள் 
632,"ஆட்டுக்கு எதுக்கு டாடி, நாட்டுக்கு எதுக்கு கவர்னர்,படத்துக்கு எதுக்கு ஹீரோயின் "
633,படம் பார்த்து வந்து ஆருதாலா ரிவிவ் பார்க்கும் தளபதி ரசிகர்கள் சார்பாக படம் வெற்றி பெற வாழ்ததுக்கள்
634,"""இது கவிதை(னு) யார் சொன்னா?""
""பைத்தியக்காரன்""
""முட்டாள்களுக்கு மட்டும்""
""எனக்குப் பொக்கிஷம்"""
635,தளபதி 67 க்கு காத்திருப்பவர்கள் சார்பாக படம் வெற்றி பெற வாழ்த்துக்கள்
636,துணிவு ரிவ்யூ கேட்க இன்னும் அதிக மன தைரியத்துடன் காத்துக் கொண்டிருக்கும் தல அஜித்குமார் ரசிகர்கள் சார்பாக படம் வெற்றி பெற வாழ்த்துக்கள் 
637,சரத்குமாரை பதம் பார்க்க ஆசைப்படும் நிகிதா ரசிகர்கள் மன்றம் சார்பில் படம் வெற்றி பெற வாழ்த்துக்கள்
638,இப்போ வரும் படத்தை தியேட்டரில் பார்க்கவிரும்பாத ரசிகர்கள் சார்பாக வாழ்த்துக்கள்
639,"துனிவுடன், வரிசு விமர்சனம் பார்கே வந்த தல - தளபதி ரசிகர்கள் சர்பகா படம் வெற்றி பெற வாழ்த்துக்கள்"
640,வெளுத்து போன பச்ச சட்ட மாறனை ப்ளூ சட்டை மாறன் என சொல்லும் ரசிகர்கள் சார்பாக படம் வெற்றி பெற வாழ்த்துகள்.
641,மெகா சீரியல் வெற்றி பெற வாழ்த்துக்கள்
642,மிஸ்டர் பாரத் + ராஜா சின்ன ரோஜா + அண்ணாமலை = வாரிசு ️️‍
643,வாரிசுக்கு ஏற்ற வில்லன் நம்ம அண்ணாச்சி மாறன்
644,"ஆட்டுக்கு எதுக்கு தாடி, நாட்டுக்கு எதுக்கு கவர்னர், இந்த படத்துக்கு எதுக்கு ஹீரோயின். நீலச் சட்டை "
645,என்ன கவலை இருந்தாலும் உங்க விமர்சனத்த பார்க்கும் பொது கவலைகள் மறந்து போகுது நன்றி அண்ணா
646,"""வார்ணிஸு"" ரசிகர்கள் சார்பாக வாழ்த்துக்கள்..."
647,"வாரிசு ""கம்பெனி முன்னேற்றக் கழகத்தின்"" சார்பில் வாரிசு திரைப்படம் வெற்றி பெற வாழ்த்துக்கள்"
648,தல ரசிகர்கள் சார்பாக படம் வெற்றி பெற வாழ்த்துக்கள் 
649,படம் வெற்றி பெற இந்த படத்தின் சார்பாக வாழ்த்துக்கள் ️
650,நேற்று மாலை இந்த திரைப்படத்திற்கு போயிருந்தேன் மக்கள் கூட்டம் திரையரங்கம் முழுவதும் இருந்தது .... அனைத்து மக்களும் மிகவும் மகிழ்ச்சியுடன் இந்த திரைப்படத்தை  கண்டு மகிழ்கிறேன்... அதுதான் இந்தத் திரைப்படத்திற்கு கிடைத்த மிகப்பெரிய வெற்றி.
651,படம் இன்று தான் ரிலீஸ் என தெரியாமல் இருக்கும் ரசிகர்கள் சார்பாக படம் வெற்றி பெற வாழ்த்துக்கள் 
652,தளபதி ரசிகர்களுக்கு ஆழ்ந்த அனுதாபங்கள்
653,அடுத்து துணிவு படத்தின் ரிவ்யூக்காக காத்திருக்கும் ரசிகர்கள் சார்பாக படம் வெற்றி பெற வாழ்த்துக்கள் 
654,கிழி கிழினு கிழிப்பானு பயந்து கிட்டே வீடியோ பார்க்க வந்த விஜய் ரசிகர்களுக்கு படம் வெற்றிபெற வாழ்த்துக்கள்
655,கடைசியில் சொன்னீங்க பாருங்க ஒரு வார்த்தை வீட்ல வேலை செய்ற ஆயா கூட பியூட்டி பார்லர் போயிட்டு வந்த மாதிரி இருக்கு அதுதான் செம்ம சிரிச்சு சிரிச்சு வயிறு வலிக்குது 
656,தமிழ் சினிமா சூப்பர் ஸ்டார்ஸ்கள் நல்ல கதை உள்ள படங்களை தேர்வு செய்ய தவறினால் தோல்வி தான் ஏற்படும்.. ஆனால் அவர்களின் கவனம் சம்பளத்தில் தான் உள்ளது 
657,தமிழில் ஹிந்தி சீரியல்  பார்க்கும் ரசிகர்கள் சங்கம் சார்பகா படம் வெற்றி பெற வாழ்த்துக்கள்...
658,தளபதி நடிச்சபோதும் என்று நினைக்கும் ரசிகர் சார்பாக வாரிசு படம் வெற்றிபெற வாழ்த்துக்கள்
659,கொடுமைகளை தாங்க முடியாமல் தவிக்கும் ரசிகர்கள் சார்பாக வாழ்த்துக்கள்.
660,ஆறுதலுக்காக பார்க்க வந்த அஜீத் ரசிகர்களுக்கு வாழ்த்துக்கள்
661,விமர்சனத்தை பார்த்து விழுந்து விழுந்து சிரித்தவர்கள் சார்பாக படம் வெற்றி பெற வாழ்த்துக்கள்
662,மன ஆறுதல் தேடி வந்திருக்கும்  அஜித் ரசிகை சார்பாக படம் வெற்றி பெற வாழ்த்துக்கள் 
663,ப்ளு சட்டை மாறன் ரிவ்யூவில் வரும் கமெண்ட் பார்க்கும் ரசிகர்கள் சார்பாக படம் வெற்றி பெற வாழ்த்துகிறோம்
664,சன் டிவி-யில் இந்த சீரியல் போட மாட்டார்களா என்று தவிக்கும் நண்பர்கள் சார்பாக படம் வெற்றிப்பெற வாழ்த்துக்கள் 
665,படமே பாக்காம படத்திற்கு ரிவிவ் சொல்லுவோர் சார்பாக படம் வெற்றி பெற வாழ்த்துக்கள் 
666,ஆட்டுக்கு எதுக்கு தாடி நாட்டுக்கு எதுக்கு கவர்னர்... சூப்பர் தல
667,தவறாமல் நாடகம் பார்க்கும் ரசிகர்கள் சார்பாக படம் வெற்றி பெற வாழ்த்துக்கள் 
668,"இது வெறும் மெகா சீரியல் இல்ல, ஹிந்தி மெகா சீரியல்

நாளைக்கு என்ன எல்லாம் சொல்ல போறானோ"
669,நான் விஜய் ரசிகன் தான் ஆனா என்னாலயே சிரிப்பு அடக்க முடியலை ப்ளூ சட்டை
670,வாழ்த்துக்கள் சொல்லும் ரசிகர்கள் சார்பாக படம் வெற்றி பெற வாழ்த்துகள்.
671,குடும்ப கதை  வாரிசுக்கே.. இந்த நிலமைனா...? துணிவை... துவைச்சு  தொங்கவிடுவாரோ..?  என்ற மனநிலையோடு ரெவியூ பார்க்கும்ரசிகர்கள் சார்பாக ரெவியூ வெற்றிபெற வாழ்த்துக்கள்...!
672,குசுவுக்கும் ஏப்பதுக்கும் ஏதும் பின்னாடி பிரச்னை வருமான்னு ஏங்கிட்டு இருக்கும் ரசிகர்கள் சார்பாக படம் வெற்றி பெற வாழ்த்துக்கள்
673,சீரியல் பார்க்கும் ரசிகர்கள் சார்பாக வாரிசு படம் வெற்றிப்பெற வாழ்த்துக்கள் 
674,ஆண்டி இண்டியன் படத்தின் மூலம் 1000 கோடி வசூல் செய்து ராஜமௌலி கெரியரை காலி செய்த புளூ சட்டை சார்பாக இத்திரைப்படம் வெற்றி பெற வாழ்த்துக்கள்
675,இந்தியன் ஜேம்ஸ்பாண்ட் வீரராகவன் ரசிகர்கள் சார்பாக வாரிசு மெகாதொடர் வெற்றிபெற வாழ்த்துகள்
676,தமிழே தெரியாமல் தமிழ் படம் பார்க்கும் ரசிகர்கள் சார்பாக படம் வெற்றிப்பெற வாழ்த்துக்கள்.
677,சூப்பர் தலைவா
678,இந்த ரிவ்யூவை பார்த்துக் கொண்டு சந்தோஷப்படும் அஜித் ரசிகர்கள்  வெயிட் பண்ணவும் பின்னாடியே ரிவ்யூ வந்து கொண்டிருக்கிறது 
679,அனில் ஆமை என்று எதர்க்காக சொல்கிரார்கள் என்று தெரியாமல் முளிப்போர் சர்பாக படம் வெற்றி பெற வாழ்த்துக்கல்
680,எந்தப் படம் வந்தாலும் தியேட்டரில் போய் பார்க்கும் ரசிகர்கள் சார்பாக வீடியோ வெற்றி பெற வாழ்த்துக்கள்
681,துணிவும் வாரிசும் வர முன்னமே கதை இது தான் என்று கண்டுபிடித்த அதி மேதை ரசிகர்கள் சார்பாக படங்கள் வெற்றி பெற வாழ்த்துக்கள்.
682,அப்பாடா நீண்ட இடைவேளைக்கு பின் வயிறுவலிக்க சிரித்தேன் வாழ்க உன் ரிவீவ் வளர்க உன் சொல்...
683,தலைவன் வரமாட்டா ரா என்று எதிர்பார்க்கும் ரசிகர் ..சார்பகா வெற்றி பெற வாழ்த்துக்கள்
684,படுத்துக்கொண்டே ரிவ்யூ பார்க்கும் ரசிகர்கள் சார்பாக வாழ்த்துக்கள் 
685,ரொம்பவே தைரியமாக ரீவியூ பாக்க வந்த விஜய் ரசிகர்கள் மன தைரியம் வர வாழ்த்துக்கள்
686,துணிவா வாரிசானு குழம்பி இன்னும் ரெண்டு படமும் பார்காத்தோர் சார்பாக படம் வெற்றி பெற வாழ்த்துக்கள்
687,சீரியல் பார்த்து உறங்கும் ரசிகர்கள் சார்பாக வெற்றிபெற வாழ்த்துக்கள்
688,படம் பார்க்க இருந்த ஆர்வத்த விட உங்க ரிவ்யூ பார்க்க இருந்த ஆர்வம் அதிகம்.....வா தலைவா
689,விரைவில் தொலைக்காட்சியில் ஒளிபரப்பு உரிமம் பெற அடுத்த பெரிய பண்டிகை தேடும் டிவி க்கள் சார்பாக படம் வெற்றி பெறட்டும்
690,படம் சன் டிவிலையா கலைஞர் டிவிலையா என்று எதிர்பார்ப்போர் சங்கத்தின் சார்பாக வாழ்த்துக்கள்
691,படம் பார்க்காமல் ரிவியூ மட்டும் பார்க்கும் ரசிகர்கள் சார்பாக படம் வெற்றி பெற வாழ்த்துக்கள்  
692,சின்ராசு ரசிகர்கள் சார்பாக வாழ்த்துக்கள்
693,நான் கூட இவர் இத்தன நாளா  பொய்யான ரிவிவ் சொல்றார்னு நினைச்சிட்டன் பட் சூப்பர் புரோ.
694,வீட்டு வேலைக்காரி கூட பியூட்டி பார்லரில் இருந்து வருவாள்!
695,விமர்சன உலகின் போட்டியே இல்லாத  நிரந்தர  டான் 
696,"ரசிகர்   : ஐயா அருமையாக கிழித்து தொங்க விட்டீர்கள்...
மாறன்  : நீங்க யாரு?
ரசிகர்  : நான் தல ரசிகன்.
மாறன் : அடுத்த கிழி உங்களுக்கு தான், ரெடி ஆகிக்கோ..."
697,இவர் சொல்லுவதை...பல்லை கடித்து கொண்டு பார்க்கும்... விஜய் ரசிகர்கள் சார்பாக படம் வெற்றி அடைய வாழ்த்துக்கள் 
698,முகநூல் ரீவ்யூ பாத்துட்டு இங்க வந்து விமர்சனம் பாக்கும் அனைவர் சார்பாக படம் வெற்றி பெற வாழ்த்துக்கள் 
699,இந்த விமர்சனம் பார்த்துட்டு ..உயிரோட இருந்தா.  விஜய் ரசிகர்களுக்கு வாழ்த்துக்கள்..
700,"தலைவன் வந்துட்டான் டா
காலையிலே வாரிச வருக்க வந்துட்டான்"
701,மன ஆறுதல் தேடி வந்திருக்கும் அஜித்குமார் ரசிகர்கள் சார்பாக வாழ்த்துக்கள்
702,"ஏன் டா படத்துக்கு போனோம்னு நினைப்பவர்கள் சார்பாக , வீடியோ வெற்றிபெற வாழ்த்துக்கள் "
703,"இவணயும், பயில்வான் ரங்கநாதனையும் செருப்புல அடிக்க நினைக்கும் ரசிகர்களுக்கு படம் வெற்றி பெற வாழ்த்துக்கள்."
704,சுடலை படம்னு தெரிஞ்சும் சுட்ட பாத்தேயா... தைரியமான ஆள்தான்யா நீ... 
705,புலிவினி மாறன் ரிவியுவ் பார்க்க வந்த ரசிகர்கள் சார்பாக படம் வெற்றி பெற வாழ்த்துகிறோம்
706,வாரிசு படத்தின் கதையையும் கேட்டுவிட்டு தூங்கிய அஸ்வின் ரசிகர்கள் சார்பாக படம் வெற்றிப்பெற வாழ்த்துக்கள்...
707,நீங்கள் அருமையாக விமர்சனம் செய்கிறீர்கள் வாழ்த்துக்கள்
708,வாரிசு துணிவு இரண்டு படத்தையும் விமர்சனமாக மட்டுமே பார்த்தவர்களின் சார்பாக படம் வெற்றிபெற ஆழ்ந்த வாழ்த்துகள்
709,மில்லியன் வியூஸ்க்கு வாழ்த்துக்கள் சொல்லும் விஜய் ரசிகர்கள் சார்பாக படம் வெற்றி பெற வாழ்த்துக்கள்
710,பூஜை படம் சார்பில் வாரிசு வெற்றி பெற வாழ்த்துக்கள்
711,வீட்டு வேல பார்க்கும் மேக்கப் ஆயாக்கள் சங்கம் சார்பாக படம் வெற்றியடைய வாழ்த்துகள் 
712,ஓரு நல்ல இயக்குனராக ஆக நினைத்து இன்று மனநலம் பாதிப்படைந்த நமது ப்ளூ சட்டை மாறன் மனநலம் சரியாக தளபதி விஜய் ரசிகர் சார்பாக வாழ்த்துகள்
713,ரெவ்யு பாத்தபின் நல்ல பிரிண்ட் வந்தால் பார்க்கும் கமிட்டி சார்பில் படம் வெற்றி பெற வாழ்த்துக்கள் 
714,"ஆட்டுக்கு எதுக்கு தாடி
நாட்டுக்கு எதுக்கு கவர்னர் "
715,05:10 சிரிப்பு மிகச்சிறப்பு 
716,வாரிசுக்கே இந்த நிலமைனா... துணிவ நெனச்சேன் சிரிச்சேன்....
717,மன சுமையை குறைக்க வந்திருக்கும் அஜித் குமார் ரசிகர்கள் சார்பாக மனமார்ந்த நன்றிகளும் பாராட்டுகளும் வாழ்த்துகளும்
718,பிரகாஷ் ராஷ் நெனச்சா கூட வில்லனா நடிக்க முடியாது அந்த அளவுக்கு நல்லவனா மாறிட்டாறு
719,சன் டிவியில் சீரியல் பார்க்கும் ரசிகர்கள் சார்பாக படம் வெற்றிபெற அஜித் குமார் ரசிகர்கள் சார்பாக வாழ்த்துக்கள் 
720,வாரிசு ரீயூ காக காத்துக் கொண்டு இருந்தத தலைவர் சூப்பர் ஸ்டார் ரஜினிகாந்த் ரசிகர்கள் சார்பாக வாழ்த்துக்கள்
721,விஜய் அவர்கள் அரசியல் ஆசையை விட்டு விட்டு நடிப்பில் கவனம் செலுத்த வேண்டும். அன்பான வேண்டுகோள் ️
722,அரிய வாய்ப்பு......
723,சத்யம் நீயே தெய்வத்தாயே எம் ஜி ஆர் பாடலை பார்க்க சென்ற ரசிகர்கள் சார்பாக வாழ்த்துக்கள்
724,"""எப்புட்றா "" ரசிகர் சார்பாக படம் வெற்றி பெற வாழ்த்துக்கள்."
725,ரோஹினி தியட்ரில் கண்ணாடி உடைத்தவர்கள் சார்பாக படம் வெற்றி அடைய வாழ்துக்கள்
726,நல்லா சொல்லனும்னு பார்த்து கொண்டிருக்கும் விஜய் ரசிகர்களுக்கு வாழ்த்துக்கள்
727,உன்ன தான்யா எதிர்பார்த்துட்டு இருந்தேன்.. வா தலைவா வா
728,துணிவு விமர்சனத்தை நினைத்து கவலைப்படும் தல அஜித் ரசிகர்கள் மற்றும் சூர்யா ரசிகர்கள் சார்பாக படம் வெற்றிபெற வாழ்த்துக்கள்
729,தல ரசிகர்கள் சந்தோசமாக இந்த வீடியோ பாக்க வந்தவங்க ️
730,ப்ளூ சட்டை இவளோ சொன்ன பிறகும் படம் பார்த்து தான் திருவேன் ரசிகர்கள் சார்பாக படம் வெற்றி பெற வாழ்த்துக்கள்
731,தலைவா நீங்க வேற லவேல்
732,சரத்குமார் ரசிகர்கள் சார்பாக படம் வெற்றிபெற வாழ்த்துகள் 
733,வம்சி பைடிபல்லி ரசிகர்கள் சார்பாக படம் வெற்றி பெற வாழ்த்துக்கள்
734,எது சொன்னாலும் எங்க தளபதிக்கு நாங்க வெற்றி நாயகன் இளைய தளபதி
735,மனசில் பட்டதை சொல்லிட்டார்.... விஜய் அவர்களே உங்கள் மேல் மிகுந்த நம்பிக்கை உடன் தான் போனோம்... ஆனால் ஒரு மெகா ஹிந்தி சீரியலை தமிழாக்கம் பண்ணியது போன்றே இருந்தது.... விஜய் நீங்கள் தயவு செய்து நல்ல கதையை ஒரு ரசிகனாக கேட்டு அதன் பின் முடிவு எடுங்கள்... உங்களிடம் எதிர் பார்ப்பது துப்பாக்கி மாதிரியான கதை அம்சம் உள்ள படத்தை நன்றி
736,எப்படியும் மொக்கைனு தெரிஞ்சதால எந்த படத்தையும் பாக்க மாட்டேன்னு முரண்டு பிடிக்கும் அண்ணன் ப்ளூ சட்டை ரசிகர்கள் சார்பாக பொங்கல் வாழ்த்துக்கள்.
737,துணிவு ரிவ்யூ பாத்துடுத்து வாரிசு ரிவ்யூ பார்த்து ஆறுதல்படும் அஜித் ரசிகர்கள் சார்பாக படம் வெற்றிப்பெற வாழ்த்துக்கள்
738,குலை நடுக்கதோடு பார்க்கும் விஜய் ரசிகர்கள் சார்பாக வாழ்த்துக்கள்
739,அஜித் ரசிகர்கள் சார்பாக படம் வெற்றி பெற வாழ்த்துக்கள்
740,"வாரிசு பல தெலுங்கில் ஹிட்டடித்த படங்களின் கலவை தான். ஒருமுறை பார்க்கலாம், எதிர்பார்த்தெல்லாம் போகாதீங்க அவ்வளவு சரக்கில்லை படத்தில்"
741,வாரன் பப்பட் ரசிகர்கள் சார்பாக படம் வெற்றி பெற வாழ்த்துக்கள்...
742,நாளைக்கு அதிகாலையில் தான் வீடியோ ரிவி வரும் என்று எதிர்பார்த்து இருந்து தற்பொழுது திடீர்னு ரிவ்யூ வந்ததால் அதிர்ச்சி அடைந்த ரசிகர்கள் சார்பாக வாழ்த்துக்கள்
743,துணிவு ரிவ்யூ பார்க்க காத்திருக்கும் அஜித் விஜய் ரசிகர்கள் சார்பாக வாழ்த்துக்கள் ️
744,"நீங்கள் சொல்லும் அளவிற்கு படம் மோசமல்ல. குடும்ப பங்கான கதை 
இன்றைய சூழலில் இது போன்ற படங்கள் வரவேற்க்கபட வேண்டும்."
745,மெகா சீரியல் ஆயா வந்த மெகா சீரியல் இந்தி பட மெகா சீரியல் வாவ் வேற லேவல் தல நீ ️‍️‍️‍
746,வாரிசுக்கு  முட்டு கொடுக்கும் விஜய் ரசிகர்கள் சார்பாக  துணிவு  படம் வெற்றி பெற வாழ்த்துக்கள்
747,என்ன என்னால சொல்ல போரானோ நெனச்சி வந்த ரசிகர்கள் சார்பாக படம் வெற்றி பெற வாழ்த்துக்கள் 
748,அடேங்கப்பா. உன்னோட இந்த ரிவியூ வால ஒரு 100 கோடி வசூல் வாரிசு படத்துக்கு குறஞ்சிருக்கும்ல 
749,அடேங்கப்பா இவங்க மெகா சீரியல் எடுத்து வச்சிருக்காங்க டோய் நக்கல் யா உனக்கு 
750,ப்ளூ சட்டை ரசிகர்கள் சார்பாக படம் வெற்றி பெற வாழ்த்துக்கள்
751,துணிவு விவேகம் பார்ட் 2... வாரிசு மாயாண்டி குடும்பத்தார் பார்ட் 2
752,போகுற போக்குல கவர்னருக்கு ஒரு குத்து 
753,ப்ளூ சட்டை மாறனின் ஆன்ட்டி இந்தியன் படத்தின் ரசிகர்கள் சார்பாக படம் வெற்றி அடைய வாழ்த்துக்கள்
754,உங்களுக்காக தான் காத்துகிட்டு இருக்கேன் தலைவரே
755,உங்களின் பதிவுக்காக தான் வெயிட்டிங் அண்ணா அருமையான விமர்சனம் அண்ணா 
756,யாரு யாரு சார்பா வாழ்த்த வந்துருக்காங்கனு வேடிக்கை பாக்க வந்தவுங்க சார்பா வாழ்த்துக்கள்
757,"தொடர்ந்து தோல்வி அடைந்த அவர் ??? சார்பாக படம் வெற்றி பெற வாழ்த்துகள்,"
758,உள்ளம் கொள்ளை போகுதடா ஹிந்தி சீரியல் சார்பாக வாரிசு வெற்றியடைய வாழ்த்துகள்
759,புளூ சட்டை மாறன் அவர்களின் வாரிசு  விமர்சனத்தை பார்த்து சிரித்துக் கொண்டிருக்கும் ரசிகர்கள் சார்பாக வாழ்த்துக்கள்...
760,ஒரு கோடி கிடைக்கல ங்கிர விரக்தில வன்மத்தை கக்கிட்டான்...
761,நான் எதிர்பார்த்தது நடந்து விட்டது ஈசனுக்கு நன்றி
762,அண்ணா ஒனக்கு பிடிச்ச மாரி இங்க யாரும் சொந்த காச போட்டு படம் எடுக்க மாட்டாங்க...ஆடியின்ஸ் க்கு என்ன புடிக்குமோ அதைத்தான் எடுப்பாங்க...
763,நமக்கிருப்பது ஒரு குடும்பம்தான்... அந்த பிரச்சனையே குடும்பம்தான் சொல்ரவுங்க சார்பாக படம் வெற்றியடைய வாழ்த்துக்கள்
764,இடைவேளை க்கு முட்ட பப்ஸ் முழுங்கும் ரசிகர். சார்பாக படம் வெற்றிபெற வாழ்த்துக்கள்...
765,இது க்ரீன் சட்டையா இல்ல ப்ளூ சட்டையா னு தெரியாம பாக்கும் ரசிகர்கள் சார்பாக வாழ்த்துக்கள்....
766,கிறீன் சட்டையை புளூ சட்டை என்று இன்னும் நம்பிக்கொண்டிருக்கும் ரசிகர்கள் சார்பாக படம் வெற்றி பெற வாழ்த்துக்கள்.
767,வேற லெவல் ரிவ்யூ மச்சி 
768,"தெலுங்கு டப்பிங் படத்திற்கு ரிவியு கேட்க வந்துட்டு, மும்மரமாக  கமெண்ட்ஸ் படித்துக்கொண்டிருக்கும் ரசிகர்கள் சார்பாக வாழ்த்துக்கள்"
769,அணிலாமை இயக்கம் சார்பாக படம் வெற்றி பெற வாழ்த்துகள் 
770,ரொம்ப நன்றி 
771,போற போக்குல கவர்னரை உள்ளே இழுத்த தலைவர். நீல சட்டை
772,ஒரு நல்ல படமாவது எடுங்களேன்டா  என்று ஏஙகி விமர்சனம் பார்க்க வந்த தமிழ் சினிமா ரசிகர்கள் சார்பாக படம் வெற்றி பெற வாழ்த்துக்கள்.
773,டெலிகிராம்ல படம்பார்க்கும் ரசிகர்மன்றம் சார்பாக வாழ்த்துக்கள்
774,ஹிந்தி டப்பிங் மெகா சீரியல் 
775,நல்லவனா மாறும் பிரகாஷ் ராஜ் சார்பாக படம் வெற்றி பெற வாழ்த்துக்கள்
776,தல அஜித் ரசிகர்கள் சார்பாக படம் வெற்றி பெற வாழ்த்துக்கள்...
777,ரிவ்வை மட்டும் பார்த்து கடைசி வரைக்கும் படம் பார்க்காமல் குழப்பத்தில் சுற்றும் சங்கம் சார்பாக படம் வெற்றி பெற வாழ்த்துக்கள்
778,இன்னும் ஆண்டி இந்தியன் படம் பார்காதவர்கள் சார்பாக படம் வெற்றி பெற வாழ்த்துக்கள்
779,இந்தி மெகா சீரியல்... வா தலைவா வா தலைவா
780,இந்தியா வல்லரசாவதற்க்காக எடுத்த ஆன்டி இந்தியன் பட ரசிகர்கள் சார்பாக வாழ்த்துக்கள்
781,சூரி ரசிகர்கள் சார்பாக படம் வெற்றி பெற வாழ்த்துக்கள்
782,ஹிந்தி மெகா சீரியல் நடிக்கும் வீட்டு வேலை செய்யும் ஆயா சார்பாக படம் மிகப்பெரிய வெற்றி பெற வாழ்த்துகிறோம்
783,தல தளபதி சலூன் ரசிகர்கள் சார்பாக படம் வெற்றி பெற வாழ்த்துக்கள்...
784,பரவாயில்லை துணிவு படத்தை கூட இந்தமாரி கழுவி ஊத்தலை 
785,தமிழ் சினிமா அழிய எனது வாழ்த்துகள்
786,"அல்டிமேட் !         ஆட்டுக்கு எதுக்கு தாடி, நாட்டுக்கு எதுக்கு கவர்னர்"
787,இப்படத்தில் வரும் விஐய் மீசை சார்பாக வாழ்த்துக்கள் 
788,குபீரென்று சிரிப்பு வருது
789,என் நண்பன் ஒரு தல ரசிகன்! என சொல்லி கொண்டு இருக்கும் தரு தல ஆமை குமார் ரசிகன்! ஆனால் இப்போது அவன் தளபதி விஜய் ரசிகனாக  மாறிவிட்டான் காரணம் (கு) துணிவு விட வாரிசு அதிகமாக வசூல் சாதனையை செய்து இருப்பதால்!
790,சீரியல் அதுவும் ஹிந்தி சீரியல் அதுவும் மெகா சீரியல் வாழ்த்துக்கள் தளபதி
791,ப்ளூ சட்டை மாறனை சிகப்பு சட்டை மாறனாக மாற்ற போகும் தல தளபதி ரசிகர்கள் சார்பாக வீடியோ வெற்றி பெற வாழ்த்துக்கள்
792,"படத்துக்கு வெயிட் பண்ணத விட , இவர் ரிவ்யூக்காக வெயிட் பண்ண அனைத்து அன்பு உள்ளங்கள் சார்பாக இந்த வீடியோ வெற்றி பெற வாழ்த்துக்கள்....."
793,"இந்த படத்தில் சில சில தவறுகள், தேவை இல்லாத நடிப்பு உள்ளது ஒத்துக்கொள்கிறேம். ஆனால் இன்றைய காலகட்டத்தில் இது போன்ற படங்கள் வரவேற்கத்தக்கது அதுவும் பொங்கல் நேரத்தில் காரணம் தந்தை - மகன் இவர்களின் முக்கியத்துவம். மேலும் இந்த நேரத்தில் தான் வெளியூர் சென்ற இரத்த உறவுகள் வரும்..."
794,நல்ல தூங்கும் ரசிகர்கள் சார்பாக படம் வெற்றி பெற வாழ்த்துக்கள் 
795,இந்தி மெகா சீரியல் லாஸ்ட் பஞ்ச்
796,ஹிந்தி டப்புடு மெகா சீரியல் ரசிகர்கள் சார்பாக வாரிசு வளர வாழ்த்துக்கள்
797,அவருக்கு சம்பளம் வந்திடுச்சு ஓடுன என்ன ஒடலென அவருக்கு என்ன பாத்த நாம்தான் முட்டாள் பயலுக
798,விமர்சனம் பண்ண தெரியாம பண்ணிக் கொண்டிருக்கும் ப்ளூ சட்டை மாறன் அவர்கள் சார்பாக படம் வெற்றி பெற வாழ்த்துக்கள்
799,படுத்துகிக்கிட்டே ஈவிவ்  பார்க்கும் ரசிகர்கள் சார்பாக படம் வெற்றி பெற வாழ்த்துக்கள்....
800,நாகினி சிரியல் சார்பாக திரைப்படம் வெற்றி பெற வாழ்த்துக்கள் 
801,சூப்பர் சூப்பர் சூப்பர் சூப்பர் சூப்பர் சூப்பர் சூப்பர் சூப்பர் சூப்பர் ரிவியூ
802,என்றும் தல வரலாறு தான்
803,துணிவு விமர்சனத்துக்காக மன துணியவுடன் காத்திருக்கும் அஜித் ரசிகர்களுக்கு பொங்கல் நல்வாழ்த்துக்கள்
804,உண்மையிலேயே தலைவா இது மெகா சீரியல் தான்
805,இப்போ தான் மனசு ரொம்ப சந்தோசமா இருக்கு என்று எண்ணும் அஜித் ரசிகர் சங்கம்.....
806,என் மனசுல உள்ள பாரமே கொரஞ்சிடிச்சுயே 
807,பதான் படத்தில் தீபிகா படுகோன் போட்டுற்கும் காவி நிற ஜட்டி ரசிகர்கள் சார்பாக படம் வெற்றி பெற வாழ்த்துக்கள்️
808,ஜெய் பாலயா ரசிகர்கள் சார்பாக வாழ்த்துக்கள்!!!
809,வீடியோ இப்படி இருக்கும் என்று முன்பே தெரிந்துகொண்டாலும் வீடியோ பார்க்கும் ரசிகர்கள் சார்பாக வாழ்த்துக்கள் 
810,மென்மேலும் உங்கள் தொழில் வளர உங்கள் வாழ்க்கை செழிக்க விஜய் மக்கள் இயக்கத்தின் சார்பாக வாழ்த்துக்கள்(தர்மபுரி மாவட்டம்)
811,ஹிந்தி சீரியலை டப்பிங்கில் பார்க்கும் ரசிகர்கள் சார்பாக படம் வெற்றி பெற வாழ்த்துக்கள்
812,டெலிக்ராமில் டவுன்லோடு செய்யக்காத்திருக்கும் ரசிகர்கள் சார்பாக படம் வெற்றிபெற வாழ்த்துக்கள்
813,ப்ளூ சட்ட நல்லவன்னு நம்பி ரிவியூ பார்க்க வந்த ரசிகர்களுக்கு வாழ்த்துக்கள்
814,அஜித் ரசிகர்கள் சார்பாக படம் வெற்றி பெற வாழ்த்துக்கள்
815,வாழ்த்துக்கள் சொல்பவர்கள் சார்பாக வாழ்த்துக்கள் 
816,"உங்க விமர்சனம் ரொம்ப சூப்பர் !!
இப்படி சூப்பர் விமர்சனம் உங்ககிட்ட வாங்குறதுக்காகவே விசய் இப்படிப்பட்ட படம் நடிச்சுருக்கார் !!

தில் ராஜூ + வம்சி + விசய் உங்க கூட்டணி தொடர வாழ்த்துக்கள்!!"
817,2:10 ரோஸ்ட் ஸ்டார்ட் 
818,படம் எப்படி இருந்தாலும் விமர்சனங்களை ஏற்றுக் கொள்ள தான் வேண்டும்  ஆயிரம் பேர் ஆயிரம் சொல்லுங்க..இருக்கிறது தான்... எல்லாரையும் திருப்தி பண்ண முடியாது....
819,ஆக மொத்தம் இவன் ஒரு படத்த கூட நல்லாயிருக்குனு சொல்ல மாட்டான் என்று நினைக்கும் ரசிகர்கள் சார்பாக வாழ்த்துக்கள் 
820,' வாரிசு '  படம் பார்க்கும் ரசிகர்களுக்கு ' துணிவு '   வேண்டும்.
821,"""ஆட்டுக்கு எதுக்கு தாடி நாட்டுக்கு எதுக்கு கவர்னர்"" ️️"
822,மெகா சீரியல் பாக்கரவங்க அதுவும் ஹிந்தி மெகா சீரியல் பாக்கரவங்க இந்த படத்த மிஸ் பண்ணிடாதீங்க ஒரு அரிய வாய்ப்பு!!!!செம்ம கலாய் 
823,எது என்னவோ இந்த படத்தை வாங்கிவிக்கமுயன்ற   பாலிடால் பயல் மறுபடியும் பாலிடால்  குடிச்சு செத்தால் சரி.
824,சீரியல் ரசிகர்கள் சார்பாக படம் வெற்றி அடைய வாழ்த்துக்கள்
825,ஹிந்தி மெகா சீரியல் வெற்றி பெற  வாழ்த்துக்கள்.
826,இந்தி மெகா சீரியல் சங்கத்தின் சார்பாக படம் வெற்றி பெற வாழ்த்துக்கள்
827,குடும்பங்கள் கொண்டாடும் வெற்றி ரசிகர்கள் சார்பாக வாழ்த்துக்கள்
828,கடிக்கிற கொசுவை விட்டுட்டு தேமேன்னு சுவர்ல உக்காந்து இருக்கும் கொசுவை  பேட்டால்  கொல்லுவோர் சார்பாக படம் வெற்றி அடைய வாழ்த்துக்கள் ....
829,கோடி கணக்கில் செலவழித்து எடுக்க பட்ட சீரியல் ன்னு சொல்லுங்க
830,என்னோட மனசுல இருக்கிறத சொன்னதுக்கு வாழ்த்துக்கள் ப்ளு சட்டை மாறன் அவர்களுக்கு.
831,இந்த உலகத்திலேயே சிறந்த படம் (ஆன்டிஇந்தியன்₩ எடுத்ததாக நினைப்பில் தகுதியே இல்லாத  இந்த  நாதாரி  எல்லா படங்களையும் விமர்சனம் பண்ணுது  காலக்கொடுமை
832,ரம்மி விளையாட சொல்லி டார்ச்சர் பண்ணும் அண்ணன் சரத் குமார் ரசிகர்கள் சார்பாக வீடியோ வெற்றி பெற வாழ்த்துக்கள்
833,புத்தருக்கே போட்டியா வந்திருப்பாரு போலிருக்கு. 
834,தவமாய் தவமிருந்து காணும் அணிலாமை ரசிகர்கள் சார்பாக வாழ்த்துக்கள்
835,"பச்சை சட்டைய போட்டு கொண்டு, புளூ சட்ட என்று சொல்லும் மாறன் சார்பாக, பாலையா படம் பார்க்க காத்து தவம் இருக்கும் ரசிகர்கள் சார்பாக, வாரிசு, துணிவு வெற்றி பெற வாழ்த்துகள்"
836,நீலம் பண்ணி மய்யம் சார்பாக படம் வெற்றி பெற வாழ்த்துக்கள் மாமே மாறா 
837,ப்ளூ சட்டை மாறன் நேரில் கிடைத்தால் நன்றாக இருக்கும்.
838,மெட்டி ஒலி  போல் வருட கணக்காக படம் ஓடி வெற்றி அடைய வாழ்த்துக்கள் 
839,மன ஆறுதல் தேடி வந்து இருக்கும் அஜித் ரசிகர்கள் சார்பில் படம் வெற்றி பெற வாழ்த்துக்கள் 
840,உனக்காக காத்திருக்கும் சங்கம் சார்பில் நன்றி தலைவா 
841,"நாட்டுக்கு எதுக்கு கவர்னர், சார்பாக வெற்றி பெற வாழ்த்துக்கள்"
842,தம்பி வாரிசு படம் இல்லப்பா நாடகம்...
843,பேசாம துணிவு பாத்துருலாம் நினைக்குற விஜய் ரசிகர்கள் சார்பாக வாழ்த்துக்கள்
844,2025 சன் டிவி ரிலிஸ்காக காத்துருக்கும் ரசிகர்கள் சார்பாக படம் வெற்றி பெற வாழ்த்துக்கள் 
845,தலைவா இன்னிக்கி தான் உங்க வாயிலிருந்து நல்ல வார்த்தை வந்து இருக்குது வீடியோ வெற்றி பெற வாழ்த்துக்கள்
846,இந்தி மெகா சீரியல் 
847,புழுகினி மாறன்
848,மாறன்னா கில்லி.. ️
849,"தெலுங்கு - வைகுண்ட புரம்
தமிழ் - ஆதி, தலைவா, சூரிய வம்சம்.. 

. இன்னும் என்னென்ன இருக்குன்னு தெரியல"
850,தற்செயலாக  யூடியூப் வந்து ரிவிவ்யு பாத்து அதிர்ச்சியடைந்தோர் சார்பாக வாழ்த்துக்கள்...
851,துணிவு இவரிடம் இருந்து தப்பித்துவிடும் என்று நம்பி ஏமாற போகும் ரசிகரகள் சார்பா படம் வெற்றி பெற வாழ்த்துக்கள்
852, அடங்காத அஜித் குருப்ஸ் சார்பாக வெற்றி பெற வாழ்த்துக்கள் ️
853,யாரெல்லாம் விஜய் 67க்கு வெயிட் பண்றது
854,லெஜன்ட் சரவணன் ரசிகர் சார்பாக வாழ்த்துக்கள் 
855,சார்பாக கமெண்ட் பாத்து கடுப்பாவோர் சார்பாக படம் வெற்றி பெற வாழ்த்துக்கள் 
856,யாரெல்லாம் துணிவு பட விமர்சனத்துக்கு வெயிட்டிங்...
857,இவரின் வீடியோவை ஏப்போதும் ஒரு நிமிடம் ஸ்கிப் செய்து பார்க்கும் ரசிகர்கள் சார்பாக படம் வெற்றி பெற வாழ்த்துகள்
858,அந்த மெகா சீரியல் நீயே ஏன் போய் பார்த்தேன்.... ரிவில் எதுனா சொல்லி சம்பாதிக்க தானே போய் பார்த்தே...... இது வாரிசு பொங்கல் இவர் ரிவி எல்லாம் கண்டுக்காதீங்க போய் படத்த பாத்துட்டு உங்களுக்கு என்ன தோணுதோ அதை சொல்லுங்க
859,இந்தி மெகா சீரியல்தான் பாப்பேன்னு இருக்குறவங்களுக்கு இது ஒரு அரிய வாய்ப்பு. 
860,ரசிகர்கள் சார்பாக படம் வெற்றி பெற வாழ்த்துக்கள் என கூறும் ரசிகர்கள் சார்பாக படம் வெற்றி பெற வாழ்த்துக்கள்.
861,என்ன ஆனாலும் பரவாயில்லை ன்னு இறங்கி செய்ய காத்திருக்கும் கௌதம் வாசுதேவ் மேனன் சார்பாக வாரிசு வெற்றி பெற வாழ்த்துக்கள் 
862,உண்மைய சொன்ன ப்ளூ சட்டை மாறனுக்கு வாழ்த்துக்கள் 
863,"தளபதி என்னும் பட்டமும் ஸ்டாலினால் போச்சு, இப்போ தமிழகத்தின் முதல் நடிகர் என்னும் பட்டமும் அஜித் குமாரால் போச்சு, இனி இந்த ஜோசப் விஜய் நிலை என்ன ஆகும்....."
864,எருக்கன் செடி ஓரம் இறுக்கி பிடிச்ச ரசிகர்கள் சார்பாக படம் வெற்றி பெற வாழ்த்துக்கள் 
865,இந்த வாழ்த்துக்கள் கல்ச்சர ஆரம்பிச்சு வச்சவன் மட்டும் கைல கிடைச்சான்னா டாய்லி செத்தான்டா.
866,வார்ணிசு வெற்றி பெற வாழ்த்துக்கள் 
867,இந்த புடிங்கி விமர்சனத்த பாக்க வந்தவர்களுக்கு அகில உலக புடிங்கி ரசிகர்கள் சார்பாக  வாழ்த்துக்கள் 
868,"இந்த மாதிரி பல்ப்கள்  விஜய், அஜித் படங்கள் நெறைய தடவை வாங்கிருந்தாலும் , 

சேர்ந்து பல்ப் வாங்குறது இதான் 1ஸ்ட் டைம்....."
869,கமல் ஹாசன் மறுபடியும் தமிழ் சினிமாவ காப்பாத்தனும
870,துணிவோடு வாரிசு வெற்றி பெற வாழ்த்துக்கள்... 
871,"அஜித், விஜய் க்கு ஒரு நல்ல படம் கொடுக்க தமிழ் நாட்டுல டைரக்டரே இல்லையா???? "
872,ஆட்டுக்கு எதுக்கு தாடி நாட்டுக்கு எதுக்கு கவர்னர் 
873,நாடு ௭௩்கே வல்லரசு ஆகும் டல்லரசு தான் ஆகும்.பன்ச் சூப்பர்
874,"விஜய் படம் என்றாலே மெக்கையாக தான், இருக்கும்.
என்று துணிவுடன் சொன்ன |புளு சட்டை மாறனுக்கு"
875,தளபதி ரசிகர்கள் சார்பாக ஆமை தாத்தா படம் வெற்றி பெற வாழ்த்துக்கள்....
876,அனைத்து பெருமையும் வம்சி அவர்களுக்கே 
877,வம்சி இயக்கத்தில் விஜய் அண்ணா இன்னொரு படம் நடிக்க வேண்டும் என விரும்பும் ரசிகர்கள் சார்பாக படம் வெற்றி பெற வாழ்த்துக்கள் 
878,நான் விஜய் குறை சொல்லவில்லை ஆனால் அவர் தமிழ் டைரக்டருக்கு வாய்ப்பு கொடுத்திருக்கலாம் முதல் முறையாக நான் ப்ளூ சட்டை மாறன் வாய்விட்டு சிரித்து ஆச்சரியப் பட்டேன் நான் நினைப்பதை அப்படியே தமிழ் சீரியல்குட எதார்த்தமாக இருக்கும் ஆனால் இந்த சீரியல் எப்படி இருக்குமோ அது போன்றுதான் இருந்தது இங்கே சீரியல்தான் வேலைகாரி உடன் மேக்கப் போட்டு வீட்டுக்காரி அதிகாரி நம்பமுடியாத கதாபாத்திரங்கள் அதையும் பல பெண்கள் தமிழ் நாட்டிற்கும் வேட்டி கம்பெனிக்கு வேலைக்குப் போகும் பெண்கள் பணக்காரப் பெண்கள் அதுபோன்ற சீரியலை தமிழில் டப்பிங் ஆகி வருவது பார்ப்பார்கள் ஏனென்றால் அதில் மேக்கப் எதோ அவர்களுக்கு தகுதியானவர்கள் நடிப்பது போல் அவர்கள் உணர்வார்கள் அதாவது பணக்கார சீரியல் நினைத்துக் கொண்டு பார்ப்பார்கள் அவர்களை தனித்துவமாக காட்டிக்கொள்கிறார்களம்.
879,"சும்மாவே ஆடுவான், இப்போ சொல்லவா வேணும் "
880, குடும்பங்கள் கொண்டாடும் வெற்றி 
881,மன ஆறுதல் தேடி வந்திருக்கும் அஜித் ரசிகர்கள் சார்பாக வாழ்த்துக்கள்
882,"இதய தெய்வம் அஜித்குமார் வாழ்க....
இதய தெய்வம் அஜித்குமார் வாழ்க..."
883,பைத்தியம்ன்னு நெனச்சா நல்லாத்தானய்யா சொல்றாரு
884,"25 வருடங்களுக்கு முன்பு வெளிவந்த சூர்ய வம்சம் படத்துக்கு முன்னாடியே வாரிசு படம் வெளிவந்திருந்தா, ஒருவேளை எடுபட்டிருக்கும். இப்போ சுத்த வேஸ்ட்!!!
புதுசா எதுமே யோசிக்க மாட்டிங்களாடா... அடச்ச்ச்சேய்..."
885,"அப்பாடா இப்பதான் என் மனசே குளு குளுனு இருக்கு , எங்க படம் வெளங்கிருமோனு நெனச்சேன் நல்லவேள வெளங்காம போய்ருச்சி "
886,"துணிவு மற்றும் வாரிசு
படம் பார்க்காத தனுஷ் ரசிகர்கள் சார்பாக இரண்டு படமும் வெற்றி பெர வாழ்த்துக்கள் "
887,படம் பார்க்க நேரம் இல்லாமல்  செமஸ்டர் எஃசாம் எழுதிய மாணவர்கள் சார்பாக படம் வெற்றி பெற வாழ்த்துக்கள்
888,4:09 சூப்பர் தலைவா
889,மன ஆறுதல் தேடி வந்திருக்கும் அஜித் ரசிகர்களுக்கு படம் வெற்றி பெற என் வாழ்த்துக்கள்
890,மாறன் அண்ணன் உங்களுக்கு ஒன்று நான் சொல்கிறேன் உங்க சேனலை சப்ஸ்கிரைப் பண்றதுக்கு காரணம் உங்கள் சேனலில் கமெண்ட் பண்றதுக்கு மட்டும்தான் நீங்க படத்த பாத்துட்டு வந்து எந்த உழைப்பும் இல்லாமல் ரிவ்யூ உங்களுக்கு காசு வருது நிறைய படத்துல நடிச்சு கஷ்டப்பட்டு உழைத்து பலபேர் கஷ்டப்பட்டு எடுக்கிறாங்க அது நீங்க உதாசீனப்படுத்தி இருங்க
891,அதுமட்டும் இல்ல வேற பட பாடல் மியூசிக் சந்தோஷ் சுப்ரமணியன் படம் கதை இன்னும் நல்லா பாருயா உன்ன நான் ரொம்ப பெரிய ஆளுன்னு லா யா நெனச்சேன் இப்டி டம்மியா இருக்கியே
892,1:08 இருந்து பார்க்க ஆரம்பிக்க மக்களே
893,நல்ல ஜோக் விமர்சனம். உன் விமர்சனத்தை பார்த்துட்டே இருக்கலாம் போல இருக்கு சிரிப்பு போலீஸ்
894,இவன எங்கியாவது பார்த்தா அடிக்க காத்துக்கொண்டு இருப்பவர்கள் ?
895,கடைசில படம் அசித்திய காசில விட்டம் பாரு படத்தின் கதையும்தன்
896,அறிய வாய்ப்பா ? 
897,டல்லரசு 
898,"அவரவர் எண்ணத்திற்கு படம் எடுக்க வேண்டும் என்றால் அது கடவுளால் மட்டுமே முடியும்
ஒரு சினிமா எடுத்து பட்டும் திருந்தவில்லை இந்த ஆ(பு)ளு சட்ட"
899,"வெரும் ₹60, 000 மா"
900,அண்ணா சூப்பரா சொன்னிங்க அண்ணா.
901,"ஆக மொத்தம் தமிழனா இருந்துகிட்ட தமிழ் படத்தோட பாஸிட்டிவ் பத்தி மட்டும் பேசவே மாட்ட
மானங் கெட்டவனுங்களா"
902,கலக்கல்  மண்ணண் ப்ளுசட்டை
903,வீட்டு வேலை...பியூட்டி பார்லர்....
904,இது சுறா2
905,அண்ணே கையடிக்காமல் பேசுங்கன
906,பொங்கல் வந்து விட்டது போய் சட்டையை மாத்துங்க நாறுது
907,படத்தை பற்றி கருத்து சொல்லி நக்கி திங்குற நாய் சாப்பாடு போடுறவன கடிக்க வருது
908,விஜய் ரசிகர்கள் ரத்த வாந்தி எடுத்த படம்
909,"இது தெலுங்கு படம் மாதிரி இருக்கு, தெலுங்கு படம் நாமலுக்கு அவ்ளோ புடிக்காது... விஜய் வச்சி சம்பவம் பண்ணிட்டார் டைரக்டர்... "
910,யோவ் முதல்ல சாட்டை துரைமுருகனுக்கு பதில் யா....
911,"சத்தியமா படம் நல்லாயிருக்கு
விஜய் ஆக்டிங் ரியலாயிருக்கு
சிவகாசி படத்தைவிட 
10 டைம்ஸ் பெட்டர்"
912,வாட சூப்பரா இருக்கா இல்லையா
913,"எனக்கு நிம்மதியான சாவு கொடுப்பியா அந்த ஒரு வசனம் போதும் நான் அழுதுட்டன்
போயா உன் ரீவிவ தூக்கிட்டு"
914,துமில்..துமிள்... ஜோடியாக நடிப்பது எல்லாம் வட நாட்டு கவட்டை..
915,புளுகினி மாறன்......
916,பாதி வீடியோ ல  விளம்பரம் தான் போகுது 
917,சீரியல் பைத்தியம்.... மாரன்
918,தீர்க்க சுமங்கலி பட கதைசாயல் இருந்தது
919,"பாவம் நீங்க படம் பாக்கல என நினைக்கிறேன். கண்ணு தெரியாதவன் மாதிரி கமெண்ட் அடிக்க கூடாது. படத்த படமா பார்க்காம லைக் வரணும்னு
மத்தவங்க லைஃபை கெடுக்கிற
உங்கள மாதிரி நிறைய பேர் யூடியூப்ல பிச்சை எடுக்கிறது தேவையா? வாரிச குறை சொல்லி"
920,அண்ணன் மாறனுக்கு இனிய பொங்கல் நல்வாழ்த்துக்கள்
921,நாடமா தீர்ப்ப மாதிசொள்ளு
922,நீ எந்த தியோட்டர்ல போய் படம் பார்த்த
923,இன்னும் இந்த சுவர் எத்தனை பேர காவு வாங்க போகுதோ
924,4:16 ஐயோ ஐயோ ... இது தான் டாப் மோனஸ்ட் ரோசஸ்ட
925,ரெண்டு படத்தையும் பாக்க மாட்டேன்னு சொல்றவுங்க யாரெல்லாம்?
926,புத்தர்க்கு போட்டியா இது என்னடா புதுசா இருக்கு
927,அடுத்தவங்கள பத்தி அவங்களுக்கே தெரியாம முதுகுக்கு பின்னாடிபேசி அதிலிருந்து பணம் சம்பாதிச்சு சாப்பிடறதுக்கு பேசாம நீ நாலு பேர்கிட்ட பிச்சை எடுக்கலாம்
928,சத்தியமா நான் கமெண்ட் பாக்குறது வந்த
929,வாரிசு நல்ல படம் பாக்கலாம் 
930,படம் உனக்கு புரியலைன்னு சொல்லு மேன்..
931,"ஒரே பொய்யா சொல்லிக்கிட்டு இருக்கான் அவனுக்கு ஒரு நல்ல
சீட்ட எடு "
932,தூக்கு போட்டு சாவு இதுக்கு
933,டேய்... பூம்மர் அங்குல்....
934,இதெல்லா ஒரு கதையாடா
935,பிரண்ட்ஸ் நான் ஒன்னே ஒன்னு மட்டும் சொல்றேன் இவன் சொல்றதெல்லாம் கேட்காதீங்க இவன் கதைக்கு இவன் நினைச்ச மாதிரி கதை அடிச்சு விட்டுட்டு இருக்கான் ஆனா ரியலாவே படம் ஓகே போய் கொடுத்த காசுக்கு மதிப்ப காசு கொடுத்த காசுக்கு மதிப்பு பேச்சு எல்லாம் கேட்டீங்கன்னா உங்க என்டர் டைமண்ட் மிஸ் ஆகிடும்
936,ஆன்ட்டி இந்தியன் பத்தி சத்தியம் டிவி ல கேள்வி கேட்டதற்கு ஓடி போயிட்டீங்க நீங்கதான படத்தை பற்றி விமர்சனம் பண்றீங்க இந்தப் பொழப்புக்கு நக்கு
937,உனக்கெல்லாம் வெட்கமா இல்லையா ல
938,ஹிந்தி சீரியலா
939,விக்கு விஜய்
940,இது தெலுங்கு  படம்  மாடல் மாரி இருக்கு....!
941,உன் பிள்ளைகள் உன்னை வச்சி
942,ஹிந்தி சிறியல் தமிழ் டப்பிங் சிறியல் மூவி
943,உண்ட மனசாட்சியே தொட்ட சொல்லுடா பக்கி நீ எந்த படத்தயாவது நல்லதா சொல்லிருக்கயாடா
944,ஒரு பிரேம் கூட உறுப்புடிய இல்லாத படம்.இது குடும்பபடம் இல்ல. சுரவை விட மோசம்
945,நீ விமர்சனம் பன்னு ' ஆனா மரியாதையா பேசு
946,நீ எடுத்த படத்துக்கு இது எவ்வளவோ பரவாயில்லை இவ்வளவும் சொல்ற நீ ஒரு நல்ல படமா கூட பாப்போம்
947,எங்க இருந்துடா புடிச்சீங்க இந்த வேற்றுகிரகவாசிய
948,செம்ம மொக்க படம் 
949,ப்ளூ சட்டை மாறன் படம் பார்த்தியா தம்பி நீ எந்த படத்துக்கு கரெக்டா ரிவ்யூ கொடுத்தா தியேட்டருக்கு போனையே ஒழுங்காப் பேசு
950,கேவலமான காவியம்
951,மர நீ வேற லெவல் ஆட்டுக்கு எதுக்கு தாடி நாட்டுக்கு எதுக்கு மோடி இப்படி புரிஞ்சிக்க சொல்ற பாரு நீ உண்மையிலேயே வேற லெவல்
952,வம்சி பழி
953,ப்ளூ சட்டை மாறன் நீ சொல்றது உண்மைதானா இல்ல பொய்யா உனக்கு தோன்ற கதையை தான் சொல்றியா
954,பைத்தியக்காரனாக ஏண்டா வீடியோ
955,என்னடா படம் இது த்தா எரிச்ச _ இருக்கு பாக்க முடியல படத்த' விஜய் அண்னா சிணிமா வாழ்க்கைய முடிச்சு வைக்க வந்துருங்கான் இந்த படத்தோட இயக்குனர் டாயிலி அவன மூட்ட முடிச்ச எடுத்துக்கிட்டு தமிழ் நாட்ட விட்டு ஓட சொல்லுங்கடா
956,படம் படு மொக்கை.
957,உன்னை மாதிரி ஒரு வீணாப்போனவன்  இருக்கும் வரைக்கும் இந்தியா எப்படி வல்லரசாகும்
958,யாருடா நீ
959,குப்பை படம்.
960,ஒரு பைத்தியமா என்ன சொல்லுது
961,விளம்பரம்..
962,பன்றிவாயா
