Video.URL,Topic
https://www.youtube.com/watch?v=gA29_21sjvk,Jallikattu
https://www.youtube.com/watch?v=kvfMr5-lmAw,Jallikattu
https://www.youtube.com/watch?v=RWUdotGfZtA,Jallikattu
https://www.youtube.com/watch?v=_ed0lSvsc50,Jallikattu
https://www.youtube.com/watch?v=d6qQesmVsi8,Jallikattu
https://www.youtube.com/watch?v=5fWFcuTwVD0,JalliKattu
https://www.youtube.com/watch?v=n3GGiYElr3c,Jallikattu
https://www.youtube.com/watch?v=N0216g8-_1M,Jallikattu
https://www.youtube.com/watch?v=A-9cey99Jvc,Jallikattu
https://www.youtube.com/watch?v=XXVyjnhQX0w,Jallikattu
https://www.youtube.com/watch?v=hbmweu_6-lE,Jallikattu
https://www.youtube.com/watch?v=fJ3OJp78xkM,Alcohol
https://www.youtube.com/watch?v=wJrCN8FExcA,Alcohol
https://www.youtube.com/shorts/J6SyQ12-VqQ,Alcohol
https://www.youtube.com/shorts/_VcQgi9_TJM,Alcohol
https://www.youtube.com/watch?v=Zq4CdHYmhNM,Alcohol
https://www.youtube.com/watch?v=muovp-49Zj8,Alcohol
https://www.youtube.com/watch?v=qEd5qg2AyvM,Alcohol